slug,nameEn,descriptionEn,descriptionBn,descriptionAr
"adidas-samba-indoor","adidas Samba Indoor Shoes","adidas Samba Indoor Shoes are a low-profile indoor footwear model suited for court sports and futsal. They pair a slim sole for indoor surfaces with a lace-up upper for a secure fit, and are offered in various sizes and colorways depending on market. Jafory lists merchant availability for discovery only—verify current product details and the official or authorised seller page before buying.","adidas Samba Indoor Shoes একটি লো‑প্রোফাইল ইনডোর জুতো মডেল, কোর্ট স্পোর্টস ও ফুটসালের জন্য উপযোগী। এটি সাধারণত ইনডোর মেঝের জন্য পাতলা সোল ও লেস‑আপ ডিজাইন দিয়ে কচিং ফিট দেয় এবং বাজারভেদে সাইজ ও রঙে ভিন্নতা থাকতে পারে। Jafory শুধুমাত্র বিক্রেতা তালিকা দেখায় — কেনার আগে পণ্যের বিবরণ ও অফিসিয়াল/অনুমোদিত বিক্রেতার পাতা যাচাই করুন।","حذاء adidas Samba Indoor Shoes هو موديل منخفض الارتفاع مخصّص للاستخدام داخل الصالات مثل ملاعب الفوتسال أو الكورت. يتميز بنعل مناسب للأسطح الداخلية وتصميم برباط لثبات القدم، ويتوفر بألوان ومقاسات تختلف حسب السوق. يعرض Jafory قوائم المتاجر لأغراض الاكتشاف فقط — تحقق من تفاصيل المنتج وصفحة البائع الرسمي أو المعتمد قبل الشراء."
"ai-for-everyone-andrew-ng","AI For Everyone — Andrew Ng","Official course guide from DeepLearning.AI and Andrew Ng for the AI For Everyone programme, summarising syllabus, learning format and certificate terms. Use it to compare teaching approach, estimated time commitment and credential rules before you enrol. Jafory’s affiliate destination remains blank until programme approval is granted. Verify course details on the provider’s site; Jafory does not sell the course.","DeepLearning.AI এবং এন্ড্রু ন্যাং-এর AI For Everyone কোর্সের অফিসিয়াল নির্দেশিকা—পাঠ্যক্রম, শেখার ফরম্যাট ও সার্টিফিকেট শর্তগুলো সংক্ষেপে উপস্থাপন করা হয়েছে। ভর্তির আগে শেখার ধরন, সময়ব্যয় ও শংসাপত্রের নিয়মগুলো তুলনা করুন। Jafory-এর অ্যাফিলিয়েট লিংক অনুমোদন না পাওয়া পর্যন্ত ফাঁকা থাকবে। কোর্সের তথ্য প্রদানকারীর সাইটে যাচাই করুন; Jafory এটি বিক্রি করে না।","دليل رسمي من DeepLearning.AI وأندرو نغ لدورة AI For Everyone يوضّح المنهج، أسلوب التعلم وشروط الشهادة. استخدم الدليل لمقارنة طريقة التدريس، مدة البرنامج وقواعد الشهادة قبل التسجيل. رابط الشريك لدى جافوري يبقى فارغاً حتى تُمنح الموافقة على البرنامج. تحقّق من تفاصيل الدورة على موقع الجهة المقدّمة؛ جافوري لا يبيع المنتج."
"anker-soundcore-bluetooth-speaker","Anker Soundcore Bluetooth Speaker","Anker Soundcore Bluetooth Speaker is a portable wireless speaker from Anker’s Soundcore line, built to stream audio from Bluetooth-enabled devices. Its compact design suits home, travel and casual outdoor use, offering simple playback and pairing. This listing is for research and discovery—Jafory does not sell the product. Verify the official or authorised seller page for current specs and availability before using any affiliate link.","Anker Soundcore Bluetooth Speaker হলো Anker-এর Soundcore সিরিজের বহনযোগ্য ব্লুটুথ স্পিকার, ব্লুটুথ-সক্ষম ডিভাইস থেকে অডিও স্ট্রিম করার জন্য তৈরি। এর কম্প্যাক্ট ডিজাইন বাড়ি, ভ্রমণ ও হালকা আউটডোর ব্যবহারের জন্য উপযুক্ত, প্লেব্যাক ও পেয়ারিং সহজ করে। এই লিস্টিং গবেষণা ও আবিষ্কারের উদ্দেশ্যে—Jafory পণ্য বিক্রি করে না। কোনো অ্যাফিলিয়েট লিংক ব্যবহারের আগে অফিসিয়াল বা অনুমোদিত বিক্রেতার পাতা যাচাই করুন।","مكبر Anker Soundcore Bluetooth Speaker من سلسلة Soundcore لشركة Anker، مكبر صوت محمول يتيح بث الصوت لاسلكيًا من الأجهزة الداعمة للبلوتوث. تصميمه الصغير مناسب للاستخدام المنزلي والسفر والنشاطات الخارجية الخفيفة، مع تشغيل وربط سهل. هذه القائمة لغرض البحث والاكتشاف — Jafory لا يبيع هذا المنتج. تحقق من صفحة البائع الرسمية أو المعتمد قبل استخدام أي رابط تابع."
"anker-soundcore-life-q20","Anker Soundcore Life Q20 Headphones","Anker Soundcore Life Q20 headphones are a model in Anker’s Soundcore lineup, made for personal audio listening. They are suitable for everyday situations like commuting, work or home use. Specifications, price and local availability can differ by country and seller. Jafory does not sell this item—verify the official product page or an authorised seller in your country before using any affiliate link.","Anker Soundcore Life Q20 হেডফোন Anker-এর Soundcore লাইনের একটি মডেল, ব্যক্তিগত অডিও শোনার জন্য তৈরি। এগুলি দৈনন্দিন ব্যবহারের জন্য উপযোগী—যেমন যাত্রা, অফিস বা বাড়িতে শোনা। স্পেসিফিকেশন, মূল্য ও স্থানীয় পাওয়া-যাওয়া ভিন্ন দেশ ও বিক্রেতা অনুযায়ী পরিবর্তিত হতে পারে। Jafory এটি বিক্রি করে না—কোনও অ্যাফিলিয়েট লিংক ব্যবহারের আগে অফিসিয়াল পণ্য পৃষ্ঠা বা অথরাইজড বিক্রেতা যাচাই করুন।","سماعات Anker Soundcore Life Q20 هي طراز من سلسلة Soundcore لدى Anker، مخصّصة للاستماع الشخصي. مناسبة للاستخدام اليومي مثل التنقل أو العمل أو الاستماع في المنزل. المواصفات والسعر وتوفر المنتج محلياً قد تختلف حسب البلد والبائع. جافوري لا يبيع هذا المنتج—تحقق من صفحة المنتج الرسمية أو بائع معتمد في بلدك قبل اتباع أي رابط إفلييت."
"apple-airtag-4-pack","Apple AirTag 4 Pack","Apple AirTag 4 Pack includes four compact item trackers designed to attach to keys, bags or other belongings. They pair with Apple devices and use the Find My network to help locate misplaced items across distances. Ideal for users within the Apple ecosystem; check device compatibility. Details and stock vary by country — verify the official or authorised seller page before following an affiliate link.","Apple AirTag 4 Pack-এ চারটি ছোট আইটেম ট্র্যাকার আছে, যা চাবি, ব্যাগ বা অন্যান্য জিনিসে লাগানো যায়। সেগুলো Apple ডিভাইসের সঙ্গে জোড়া লাগায় এবং Find My নেটওয়ার্ক ব্যবহার করে হারানো আইটেম খুঁজতে সাহায্য করে। Apple ইকোসিস্টেমে ব্যবহারকারীর জন্য উপযোগী; ডিভাইস উপযোগিতা ও দেশভিত্তিক স্টক যাচাই করে অফিসিয়াল বা অনুমোদিত বিক্রেতার পৃষ্ঠা দেখুন।","حزمة Apple AirTag 4 Pack تحتوي على أربعة أجهزة تعقب صغيرة توضع على المفاتيح والحقائب والأغراض الشخصية. تتصل بجهاز Apple وتستفيد من شبكة Find My للمساعدة في تحديد موقع الأشياء المفقودة داخل نطاقات واسعة. مناسبة لمستخدمي نظام Apple؛ تحقق من توافق جهازك وتوفر المنتج حسب البلد على صفحة البائع الرسمية أو المعتمد قبل اتباع رابط إحالة."
"apple-ipad-10th-gen","Apple iPad 10th Generation","Jafory research entry for Apple iPad 10th Generation. This listing identifies the product and notes that regional merchant availability may vary; specifications, price and stock can change by country or seller. Jafory provides discovery and affiliate links but does not sell the device. Before using any affiliate destination, verify details on the official Apple or an authorised seller page.","Jafory-এর গবেষণা তালিকা: Apple iPad 10th Generation। এই এন্ট্রি পণ্যের পরিচয় ও অঞ্চলভিত্তিক উপলব্ধি জানায়; স্পেসিফিকেশন, দাম ও স্টক দেশ বা বিক্রেতা অনুযায়ী পরিবর্তিত হতে পারে। Jafory পণ্য বিক্রি করে না—এটি অন্বেষণ ও অ্যাফিলিয়েট লিংক দেখায়। কোনো অ্যাফিলিয়েট লিংক ব্যবহারের আগে অফিসিয়াল Apple বা অনুমোদিত বিক্রেতার পেজ যাচাই করুন।","دليل من جافوري لمنتج Apple iPad 10th Generation. تُظهر هذه الإدخالات هوية المنتج وتُشير إلى أن توافر التجار يختلف حسب المنطقة؛ قد تتغير المواصفات والسعر والمخزون بين الدول أو البائعين. جافوري توفر خدمة اكتشاف وروابط تابعة لكنها لا تبيع المنتج. قبل استخدام أي رابط تابع تحقق من صفحة Apple الرسمية أو صفحة بائع معتمد."
"ariel-original-detergent","Ariel Original Laundry Detergent","Ariel Original Laundry Detergent is a household laundry detergent intended for everyday clothes washing. It can be used in washing machines or for hand washing, and is formulated to tackle common soil on fabrics. Package sizes and merchant availability vary by country. Jafory does not sell this product — always verify the manufacturer’s or an authorised seller’s current page before following any affiliate link.","Ariel Original Laundry Detergent একটি গৃহস্থালি লন্ড্রি ডিটারজেন্ট, দৈনন্দিন কাপড় ধোয়ার জন্য উপযোগী। এটি ওয়াশিং মেশিন এবং হাতে ধোয়ায় ব্যবহারের জন্য উপযোগী এবং সাধারণ দাগ-ময়লা সরাতে তৈরি। প্যাকেট সাইজ ও সরবরাহ দেশ এবং বিক্রেতা অনুযায়ী পরিবর্তিত হতে পারে। Jafory এই পণ্যটি বিক্রি করে না — কোনো অ্যাফিলিয়েট লিঙ্ক ব্যবহারের আগে প্রস্তুতকারক বা অনুমোদিত বিক্রেতার পেজ যাচাই করুন।","Ariel Original Laundry Detergent منظف غسيل منزلي مخصص لتنظيف الملابس اليومية. يصلح للاستخدام في غسالات الملابس وكذلك للغسل اليدوي، ومصمم لإزالة الأوساخ الشائعة من الأقمشة. أحجام العبوات وتوفر المنتج يختلفان حسب البلد والبائع. جافوري لا تبيع هذا المنتج — تحقق من صفحة الشركة المصنعة أو البائع المعتمد قبل اتباع أي رابط تابع."
"aws-generative-ai-learning","AWS Generative AI Learning Plan","The AWS Generative AI Learning Plan is a structured study outline covering generative AI concepts and how to use AWS tools to build and deploy AI-enabled applications. This Jafory listing is informational — Jafory does not sell the plan. Product details and availability may differ by country; verify the official provider or authorised seller page before using any affiliate link.","AWS Generative AI Learning Plan একটি সংগঠিত শেখার রূপরেখা যা জেনারেটিভ AI ধারণা ও AWS টুল ব্যবহার করে AI-চালিত অ্যাপ তৈরি ও স্থাপনের প্রাথমিক কৌশল ও অনুশীলন বিন্যাস করে। Jafory এই তালিকাটি তথ্যভিত্তিক; Jafory পণ্য বিক্রি করে না। দেশভেদে বিবরণ ও সরবরাহ বদলাতে পারে — affiliate লিঙ্ক ব্যবহারের আগে official বা authorised seller পেজ যাচাই করুন।","خطة تعلم AWS Generative AI عبارة عن إطار دراسي منظّم يغطي مفاهيم الذكاء الاصطناعي التوليدي وكيفية استخدام أدوات AWS لبناء وتشغيل تطبيقات مدعومة بالذكاء الاصطناعي. هذه القائمة على Jafory لأغراض المعلومات فقط؛ Jafory لا تبيع المنتج. قد تتغير المواصفات والتوفر حسب البلد — تحقق من صفحة المزود الرسمي أو البائع المعتمد قبل استخدام أي رابط تابع."
"bayti-decorative-round-storage-box","BAYTI Decorative Round Storage Box","The BAYTI Decorative Round Storage Box is a compact, circular container for organizing small items on a vanity, shelf or coffee table. Pick a finish and size that match your décor and check whether the lid includes a handle or knob you prefer. Handy for jewelry, keys or small keepsakes. Verify dimensions, material and seller details before purchase — Jafory does not sell this item.","BAYTI Decorative Round Storage Box একটি গোলাকার ছোট স্টোরেজ বক্স, ভ্যানিটি, শেলফ বা কফি টেবিলে ছোট জিনিস সাজাতে ব্যবহার করা যায়। আপনার ডেকরের সঙ্গে মানানসই ফিনিশ ও সাইজ বেছে নিন ও ঢাকনার হ্যান্ডেল আছে কি না যাচাই করুন। গহনা, চাবি বা ছোট স্মৃতি সামগ্রী রাখার জন্য উপযোগী। কেনার আগে মাত্রা, উপাদান ও বিক্রেতার বিবরণ নিশ্চিত করুন — Jafory এটি বিক্রি করে না।","صندوق التخزين الدائري الزخرفي BAYTI عبارة عن علبة مدورة صغيرة لتنظيم الأغراض الصغيرة على منضدة الزينة أو رفّ أو طاولة القهوة. اختر التشطيب والحجم المناسبين لديكورك وتحقق من وجود مقبض للغطاء تفضله. مناسب لحفظ المجوهرات والمفاتيح والتذكارات الصغيرة. تحقق من الأبعاد والخامة وتفاصيل البائع قبل الشراء — Jafory لا يبيع هذا المنتج."
"belkin-boostcharge-usb-c","Belkin BoostCharge USB-C Charger","Belkin BoostCharge USB-C Charger is a compact wall charger from Belkin that powers devices using a USB-C connection. Designed for everyday use and travel, it works with phones, tablets and other USB-C–compatible gadgets; check whether a cable is included. Jafory does not sell this item — confirm specifications, pricing and authorised seller details on the official product page before using any affiliate link.","Belkin BoostCharge USB-C Charger হলো Belkin-এর একটি কম্প্যাক্ট USB-C ওয়াল চার্জার যা USB-C পোর্টযুক্ত ডিভাইস চার্জ করার জন্য তৈরি। দৈনন্দিন ব্যবহারে বা ভ্রমণে সুবিধাজনক, এটি ফোন, ট্যাবলেট ও অন্যান্য USB-C সামঞ্জস্যশীল যন্ত্রের সঙ্গে কাজ করে; কেবল অন্তর্ভুক্ত আছে কি না যাচাই করুন। জ্যাফরি এটি বিক্রি করে না — অ্যাফিলিয়েট লিংক ব্যবহারের আগে অফিসিয়াল বিক্রেতার পেজে তথ্য ও উপলব্ধতা নিশ্চিত করুন।","شاحن Belkin BoostCharge USB-C هو شاحن حائط مدمج من Belkin يزود الأجهزة المزودة بمنفذ USB‑C بالطاقة. مناسب للاستخدام اليومي والسفر ويتوافق مع الهواتف والأجهزة اللوحية وغيرها من الأجهزة الداعمة لUSB‑C؛ تحقق مما إذا كان الكابل مرفقًا. جافوري لا يبيع هذا المنتج — راجع صفحة البائع الرسمي لتأكيد المواصفات والتوفر قبل استخدام أي رابط إحالة."
"bosidin-usb-rechargeable-electric-bakhoor-burner","Bakhoor BoSidin USB-Rechargeable Electric Burner","The BoSidin Bakhoor USB-rechargeable electric burner is made to warm bakhoor and other fragrance materials without an open flame. Operate it in a well-ventilated space and keep the hot unit away from children, clothing and any flammable objects. Follow the manufacturer’s instructions for suitable fragrance materials and charging. Verify specifications and seller details before purchase; Jafory does not sell this item.","BoSidin Bakhoor USB-রিচার্জেবল ইলেকট্রিক বর্ণারটি বাকুর ও অন্যান্য সুগন্ধি উপকরণ গরম করার জন্য, খোলা আগুন ছাড়া কাজ করে। এটি ভালো বায়ুচলাচলের জায়গায় ব্যবহার করুন এবং গরম ডিভাইসটি শিশু, পোশাক বা দাহ্য সামগ্রীর থেকে দূরে রাখুন। উপকরণ ও চার্জিংয়ের জন্য নির্মাতার নির্দেশনা অনুসরণ করুন। ক্রয়ের আগে স্পেসিফিকেশন ও বিক্রেতার তথ্য যাচাই করুন; Jafory এটি বিক্রি করে না।","جهاز BoSidin لحرق البخور كهربائي وقابل لإعادة الشحن عبر USB، مخصص لتسخين البخور والمواد العطرية دون لهب مكشوف. استخدمه في مكان جيد التهوية وابعده عن الأطفال والملابس والمواد القابلة للاشتعال عندما يكون ساخنًا. اتبع تعليمات الشركة المصنعة بشأن المواد العطرية والشحن. تحقق من المواصفات ومعلومات البائع قبل الشراء؛ Jafory لا يبيع هذا المنتج."
"cerave-foaming-cleanser","CeraVe Foaming Facial Cleanser","A Jafory guide to CeraVe Foaming Facial Cleanser. This is a foaming facial cleanser meant to remove surface dirt, oil and makeup from the face. Product formulation, specifications and availability can vary by country and retailer. Jafory does not sell this item; verify the manufacturer’s official page or an authorised seller before using any affiliate link.","Jafory-এর রিসার্চ লিস্টিং: CeraVe Foaming Facial Cleanser। এটি একটি ফোমযুক্ত মুখ ধোয়ার প্রোডাক্ট যা ত্বকের উপরি ময়লা, তেল ও মেকআপ সরাতে ব্যবহৃত হয়। পণ্যের উপাদান, বিবরণ ও পাওয়া যাওয়ার সুবিধা দেশ ও বিক্রেতা অনুযায়ী পরিবর্তিত হতে পারে। Jafory এটি বিক্রি করে না; অ্যাফিলিয়েট লিঙ্ক ব্যবহারের আগে নির্মাতার অফিসিয়াল বা অনুমোদিত বিক্রেতা যাচাই করুন।","دليل من Jafory لمنتج CeraVe Foaming Facial Cleanser. هذا منتج رغوي لتنظيف الوجه يُستخدم لإزالة الأوساخ السطحية والزيوت والمكياج. قد تختلف مكونات المنتج وتفاصيله وتوفره بحسب البلد والبائع. Jafory لا تبيع هذا المنتج؛ تحقق من صفحة الشركة المصنعة الرسمية أو بائع معتمد قبل استخدام أي رابط تابع."
"cerave-moisturizing-cream","CeraVe Moisturizing Cream","CeraVe Moisturizing Cream is a skincare moisturizer sold under the CeraVe name, presented for general face and body use to add and retain moisture. Jafory lists product details here; availability and merchant options can vary by country — Jafory does not sell this item. Verify the official or authorised seller page before using any affiliate destination.","CeraVe Moisturizing Cream একটি ত্বক-আর্দ্রক পণ্য, যা মুখ ও দেহে ব্যবহার করে ত্বকের আর্দ্রতা বজায় রাখতে প্রচলিত। Jafory এখানে পণ্যের তথ্য তালিকাভুক্ত করেছে; দেশভিত্তিক বিবরণ ও স্টক ভিন্ন হতে পারে — জাফরি এই পণ্য বিক্রি করে না। affiliate গন্তব্য ব্যবহারের আগে official বা authorised seller পেজ যাচাই করুন।","CeraVe Moisturizing Cream منتج مرطب من علامة CeraVe، معروض للاستخدام العام على الوجه والجسم لتوفير الترطيب والحفاظ عليه. تُدرج Jafory معلومات المنتج هنا؛ قد تختلف التفاصيل وتوفره حسب البلد — جافوري لا تبيع هذا المنتج. تحقق من الصفحة الرسمية أو البائع المعتمد قبل استخدام أي رابط تابع."
"colgate-plax-mouthwash","Colgate Plax Mouthwash","Colgate Plax Mouthwash is an over-the-counter oral rinse intended for use as part of daily oral care. It’s offered in different formulations and pack sizes and can provide a temporary feeling of freshness. Product specifications, formulation and seller availability may vary by country. Verify the product details and the official or authorised seller page before following an affiliate link.","Colgate Plax Mouthwash হল একটি ওভার-দ্য-কাউন্টার মাউথওয়াশ, দৈনন্দিন মুখের পরিচর্যার অংশ হিসেবে ব্যবহার করার জন্য ডিজাইন করা। এটি বিভিন্ন ফর্মুলা ও প্যাক সাইজে পাওয়া যায় এবং অস্থায়ী সতেজতার অনুভূতি দিতে পারে। পণ্যের বিবরণ, রূপ এবং বিক্রেতা অনুযায়ী দেশে দেশে ভিন্ন হতে পারে—affiliate লিংক ব্যবহার করার আগে official বা অনুমোদিত বিক্রেতার পেজ যাচাই করুন।","Colgate Plax Mouthwash غسول فموي متاح دون وصفة طبية ومصمَّم للاستخدام كجزء من روتين العناية الفموية اليومي. يتوفر بأشكال وتعبئات مختلفة وقد يمنح إحساسًا مؤقتًا بالانتعاش. مواصفات المنتج وتوافره لدى البائعين تختلف بين البلدان. تحقق من تفاصيل المنتج وصفحة البائع الرسمية أو المعتمدَة قبل اتباع أي رابط إحالة."
"colgate-total-whitening","Colgate Total Whitening Toothpaste","Colgate Total Whitening Toothpaste is a Colgate-branded toothpaste presented for whitening as part of daily oral care. Use for routine brushing following package directions. Formulation, availability and merchant offers may vary by country. Jafory lists this product for discovery only and does not sell it — verify the official or authorised seller page before buying.","Colgate Total Whitening Toothpaste হলো কোলগেট ব্র্যান্ডের হোয়াইটনিং টুথপেস্ট, যা দৈনন্দিন ওরাল কেয়ার অংশ হিসেবে ব্যবহারের জন্য বাজারজাত। প্যাকেটের নির্দেশনা মেনে রুটিন ব্রাশিংয়ের জন্য ব্যবহার করুন। দেশে দেশে ফর্মুলা ও বিক্রেতার প্রাপ্যতা ভিন্ন হতে পারে। Jafory শুধুমাত্র অনুসন্ধানের জন্য তালিকা দেয়; কেনার আগে অফিসিয়াল বা অনুমোদিত বিক্রেতার পেজ যাচাই করুন।","معجون الأسنان Colgate Total Whitening Toothpaste هو منتج من علامة كولجيت مصنَّف كمُبيّض للاستخدام اليومي ضمن روتين العناية بالفم. استخدم للفرشاة الاعتيادية مع الالتزام بتعليمات العبوة. قد تختلف التركيبة وتوافر التجار حسب البلد. جافوري تعرض المنتج للاكتشاف فقط ولا تبيعه — تحقق من الصفحة الرسمية أو بائع معتمد قبل الشراء."
"crocs-classic-clog","Crocs Classic Clog","Jafory listing for the Crocs Classic Clog — a slip-on, clog-style casual shoe intended for easy on/off wear and everyday use. This entry shows merchant options and availability, which can vary by country and retailer. Jafory does not sell this item. Verify the brand’s official page or an authorised seller before using any affiliate destination.","Jafory-এর তালিকা: Crocs Classic Clog—সহজে পরা-ও নামানো যায় এমন ক্লগ-স্টাইল ক্যাজুয়াল জুতো, দৈনন্দিন ব্যবহারের জন্য উপযোগী। এখানে পণ্য ও বিক্রেতা অনুযায়ী উপলব্ধতা দেখানো হয়েছে, যা দেশে ভিন্ন হতে পারে। Jafory এই পণ্য বিক্রি করে না। অ্যাফিলিয়েট লিঙ্ক ব্যবহারের আগে ব্র্যান্ডের অফিসিয়াল বা অনুমোদিত বিক্রেতার পেজ যাচাই করুন।","قائمة Jafory لمنتج Crocs Classic Clog — حذاء كلوغ غير رسمي يسهل ارتداؤه وخلعه، مناسب للاستخدام اليومي. تُعرض هنا خيارات البائع وتوفر المنتج، والتي قد تختلف بحسب البلد والتاجر. Jafory لا تبيع هذا المنتج. قبل استخدام أي رابط تابع، تحقّق من صفحة العلامة التجارية الرسمية أو من بائع معتمد."
"dettol-antiseptic-liquid","Dettol Antiseptic Liquid","Dettol Antiseptic Liquid is a multipurpose hygiene liquid commonly used for cleaning skin and disinfecting household surfaces. Pack formats and availability vary by market; follow label directions for safe use. This listing summarizes product identity and category only — Jafory does not sell it. Product details and merchant availability can change by country; check the official or authorised seller page before using an affiliate link.","Dettol Antiseptic Liquid একটি বহুমুখী হাইজিন লিকুইড, সাধারণত ত্বক পরিষ্কার ও গৃহস্থালি পৃষ্ঠ জীবাণুমুক্ত করার কাজে ব্যবহৃত হয়। প্যাক সাইজ ও উপলব্ধতা দেশভিত্তিকভাবে বদলাতে পারে; নিরাপদ ব্যবহারের জন্য লেবেল নির্দেশিকা দেখুন। এই লিস্টিং কেবল পণ্যের পরিচয় দেয় — Jafory এটি বিক্রি করে না। অ্যাফিলিয়েট লিংক ব্যবহারের আগে অফিসিয়াল বা অনুমোদিত বিক্রেতার পেজ যাচাই করুন।","سائل ديتول المطهر منتج متعدد الاستخدامات للنظافة يُستخدم عادة لتنظيف الجلد وتعقيم الأسطح المنزلية. قد تختلف أحجام العبوات ومدى التوفر حسب البلد؛ اتبع تعليمات الملصق للاستخدام الآمن. هذه الصفحة تعرض تعريفاً بالمنتج فقط — جافوري لا يبيع المنتج. تحقق من صفحة البائع الرسمي أو المعتمد قبل استخدام رابط تابع."
"dove-beauty-bar","Dove Beauty Bar","Dove Beauty Bar is a cleansing bar from Dove for everyday personal care. This Jafory guide notes the product name and category; specifications and merchant availability can vary by country. Jafory is a discovery site and does not sell the item — verify details on the official or authorised seller page before using an affiliate link.","Dove Beauty Bar হলো Dove ব্র্যান্ডের একটি পরিষ্কারক বাথ বার, সাধারণত দৈনন্দিন ব্যক্তিগত পরিচর্যার জন্য ব্যবহৃত। এই Jafory গবেষণা তালিকায় পণ্যের নাম ও শ্রেণি উল্লেখ করা হয়েছে; স্পেসিফিকেশন এবং বিক্রেতা পাওয়া দেশভেদে ভিন্ন হতে পারে। Jafory পণ্য বিক্রি করে না — অফিশিয়াল বা অনুমোদিত বিক্রেতার পৃষ্ঠা যাচাই করে অ্যাফিলিয়েট লিঙ্ক ব্যবহার করুন।","Dove Beauty Bar هو لوح تنظيف من Dove يُستخدم عادة للعناية الشخصية اليومية. تعرض قائمة البحث هذه من جافوري اسم المنتج وفئته؛ قد تختلف المواصفات وتوفر البائعين حسب البلد. جافوري موقع للتعرُّف على المنتجات ولا يبيعها — تأكد من صفحة البائع الرسمي أو المعتمد قبل استخدام رابط تابع."
"dove-nourishing-body-wash","Dove Deeply Nourishing Body Wash","Dove Deeply Nourishing Body Wash is a creamy body wash formulated for everyday cleansing with a focus on hydration. It creates a rich lather and is intended to leave skin feeling moisturised and comfortable after rinsing. Check the ingredient list for personal sensitivities and verify the official or authorised seller page before using any affiliate destination.","Dove Deeply Nourishing Body Wash একটি ক্রিমজাত বডি ওয়াশ, দৈনন্দিন পরিষ্কার-পরিচ্ছন্নতার সময় আর্দ্রতা বজায় রাখার ওপর গুরুত্ব দেয়। এটি ঘন ফেনা তৈরি করে এবং ধোয়ার পর ত্বককে নমনীয় ও আরামদায়ক রাখার উদ্দেশ্যে বানানো। উপাদান দেখে সংবেদনশীলতা যাচাই করুন এবং অ্যাফিলিয়েট লিংক ব্যবহারের আগে অফিসিয়াল বা অনুমোদিত বিক্রেতার পেইজ নিশ্চিত করুন।","Dove Deeply Nourishing Body Wash غسول للجسم بقوام كريمي مصمم للتنظيف اليومي مع تركيز على الترطيب. ينتج رغوة غنية ويهدف لأن يترك البشرة ناعمة ومريحة بعد الشطف. راجع قائمة المكونات للتحقق من أي حساسية، وتأكد من صفحة البائع الرسمية أو المعتمد قبل استخدام أي رابط تابع."
"dove-original-antiperspirant","Dove Original Antiperspirant","Dove Original Antiperspirant is an underarm antiperspirant deodorant from Dove designed to help control sweat and manage underarm odour during daily activities. Presented in the brand’s Original scent, it’s intended for routine personal care use. Product specifications, ingredients and availability may differ by country or retailer — verify the official or authorised seller page before using an affiliate destination.","Dove Original Antiperspirant হলো Dove-এর আন্ডারআর্ম অ্যান্টিপার্সপিরেন্ট যা দৈনন্দিন কাজে ঘাম নিয়ন্ত্রণ এবং বাহু-গন্ধ কমাতে ব্যবহৃত হয়। এটি ব্র্যান্ডের Original সুগন্ধে উপস্থাপিত এবং রুটিন পার্সোনাল কেয়ারের জন্য উপযুক্ত। পণ্যের স্পেসিফিকেশন, উপাদান ও উপলব্ধতা দেশ বা বিক্রেতা অনুযায়ী বদলাতে পারে — অ্যাফিলিয়েট লিংক ব্যবহারের আগে অফিসিয়াল বা অথরাইজড সেলার পেজ যাচাই করুন।","Dove Original Antiperspirant مزيل عرق من Dove مخصّص لمنطقة تحت الإبط للمساعدة في التحكم بالتعرق وتقليل رائحة الجسم خلال الأنشطة اليومية. يُعرض بنسخة العطر Original الخاصة بالعلامة ومناسب للاستخدام كجزء من العناية الشخصية الروتينية. قد تختلف مواصفات المنتج والمكونات والتوافر حسب الدولة أو البائع — تحقق من الصفحة الرسمية أو البائع المعتمد قبل استخدام رابط إحالة."
"dyson-v8-cordless-vacuum","Dyson V8 Cordless Vacuum","Dyson V8 Cordless Vacuum is a cordless stick vacuum from Dyson for cable-free cleaning around the home. This listing gives product identification and general information; specifications and availability can vary by country and retailer. Jafory does not sell this item — always check the official or authorised seller page before using any affiliate link.","Dyson V8 Cordless Vacuum হলো ডাইসনের একটি কর্ডলেস স্টিক ভ্যাকুয়াম, যা ঘরের বিভিন্ন জায়গা কেবল ছাড়াই পরিষ্কার করার সুবিধা দেয়। এই তালিকাটি পণ্যের সনাক্তকরণ এবং সাধারণ তথ্য প্রদান করে; স্পেসিফিকেশন ও স্টক দেশ ও বিক্রেতা অনুযায়ী পরিবর্তিত হতে পারে। Jafory এই পণ্য বিক্রি করে না — ক্রয় বা অ্যাফিলিয়েট লিংক ব্যবহারের আগে অফিসিয়াল বা অনুমোদিত বিক্রেতার পেজ যাচাই করুন।","Dyson V8 Cordless Vacuum هي مكنسة لاسلكية من Dyson بتصميم عصا لتسهيل التنقل والتنظيف داخل المنزل دون كابل. تقدم هذه القائمة تعريفًا عامًا بالمنتج؛ المواصفات والتوفر قد تختلف حسب البلد والبائع. جافوري لا يبيع هذا المنتج — تحقق من صفحة البائع الرسمي أو المعتمد قبل اتباع أي رابط تابع."
"fairy-original-washing-up","Fairy Original Washing-Up Liquid","Fairy Original Washing-Up Liquid is a household dishwashing detergent for hand cleaning of plates, cutlery and cookware. It is intended for use with water to help remove grease and food residues; follow the product label and suggested dilution. Jafory is a research and discovery site and does not sell the product — verify the official or authorised seller page before using any affiliate link.","Fairy Original Washing-Up Liquid একটি ঘরোয়া বাসন ধোয়ার লিকুইড, যা হাতে থালা, কাঁটাচামচ ও রান্নার পাত্র পরিষ্কারে ব্যবহৃত হয়। পানি দিয়ে ব্যবহার করে তৈলাক্ত দাগ ও খাবারের অবশিষ্টাংশ দূর করতে সাহায্য করে; লেবেলে দেওয়া নির্দেশনা ও পরিমিতি অনুসরণ করুন। Jafory পণ্য বিক্রি করে না — affiliate লিংক ব্যবহার করার আগে অফিসিয়াল বা অনুমোদিত বিক্রেতা পেজ যাচাই করুন।","Fairy Original Washing-Up Liquid سائل غسل الصحون المنزلي للاستخدام اليدوي على الأطباق والملاعق وأواني الطهي. يُستخدم مع الماء لمساعدة في إزالة الدهون وبقايا الطعام؛ اتبع تعليمات الملصق ونسب التخفيف الموصى بها. جافوري موقع بحث واكتشاف ولا يبيع هذا المنتج — تحقق من صفحة البائع الرسمية أو المعتمد قبل استخدام أي رابط إحالة."
"finish-quantum-tablets","Finish Quantum Dishwasher Tablets","Finish Quantum Dishwasher Tablets are pre-measured detergent tablets designed for automatic dishwashers. Single-dose tablets simplify dosing for routine washes; follow your dishwasher’s manual and the product packaging for correct use and safe handling. Jafory lists product information but does not sell it. Details and availability vary by country—verify the current official or authorised seller page before using any affiliate destination.","Finish Quantum Dishwasher Tablets হলো স্বয়ংক্রিয় ডিশওয়াশারের জন্য প্র-মাপ করা ডিটারজেন্ট ট্যাবলেট। একক ডোজ ফরম্যাট নিয়মিত ধোয়া সহজ করে; সঠিক ব্যবহার ও নিরাপত্তার জন্য নিজের ডিশওয়াশারের ম্যানুয়াল এবং প্যাকেজ নির্দেশনা অনুসরণ করুন। Jafory পণ্য তালিকাভুক্ত করে কিন্তু বিক্রি করে না। দেশভেদে বিবরণ ও সরবরাহ পরিবর্তিত হতে পারে—affiliate ব্যবহারের আগে official বা authorised seller পেজ যাচাই করুন।","أقراص Finish Quantum لغسالات الأطباق هي أقراص منظف مُعدة بجرعات مسبقة للاستخدام في الغسالات الأوتوماتيكية. تأتي بجرعة واحدة لتسهيل الاستخدام الروتيني؛ اتبع دليل غسالتك وتعليمات العبوة للاستخدام الآمن. تعرض Jafory معلومات المنتج ولا تبيعه. قد تختلف التفاصيل والتوفر حسب الدولة—تحقق من الصفحة الرسمية أو البائع المعتمد قبل استخدام أي رابط تابع."
"generative-ai-for-everyone-andrew-ng","Generative AI for Everyone — Andrew Ng","An official course guide by DeepLearning.AI and Andrew Ng introducing generative AI concepts, module outlines, and practical exercises. The guide explains course format and what to expect so you can review learning modules, hands-on components, and the current destination before deciding. Affiliate destination is left blank until Jafory receives programme approval. Verify details on the provider site; Jafory does not sell this course.","DeepLearning.AI ও Andrew Ng-এর অফিসিয়াল কোর্স গাইড, যা জেনারেটিভ AI-এর ধারণা, মডিউলের বিন্যাস এবং ব্যবহারিক অনুশীলন তুলে ধরে। কোর্সের শেখার ফরম্যাট, মডিউলভিত্তিক বিষয় এবং হ্যান্ডস-অন উপাদানগুলো যাচাই করে সিদ্ধান্ত নিন। Jafory অনুমোদন না পাওয়া পর্যন্ত অ্যাফিলিয়েট গন্তব্য খালি রাখা হয়েছে। বিস্তারিত প্রদানকারীর সাইটে যাচাই করুন; Jafory এটি বিক্রি করে না।","دليل رسمي من DeepLearning.AI وباسم Andrew Ng يقدّم نظرة على مفاهيم الذكاء الاصطناعي التوليدي، هيكل الوحدات والتمارين التطبيقية. اطلع على طريقة التعلم ومحتوى الوحدات والعناصر العملية قبل اتخاذ قرار الالتحاق. رابط الإحالة مُترك فارغاً حتى تحصل جافوري على الموافقة. تأكد من التفاصيل على موقع المُقدّم؛ جافوري لا تبيع هذه الدورة."
"gillette-fusion5-razor","Gillette Fusion5 Razor","Gillette Fusion5 Razor is a Gillette cartridge shaving razor with a five-blade cartridge and a narrow precision trimmer for edging. It uses replaceable cartridges with a reusable handle; cartridge availability and pack formats can vary by market. Jafory provides product information and merchant links but does not sell this item — verify the official or authorised seller page for current specs and availability before following affiliate links.","Gillette Fusion5 Razor হলো Gillette-এর একটি কার্ট্রিজ রেজর, যা পাঁচটি ব্লেডের কার্ট্রিজ এবং ধার-সাজানোর জন্য একটি সূক্ষ্ম ট্রিমার বহন করে। এটি বদলাযোগ্য কার্ট্রিজ এবং পুনরায় ব্যবহারযোগ্য হ্যান্ডেল ব্যবহারে ডিজাইন করা; কার্ট্রিজের প্রাপ্যতা দেশভেদে ভিন্ন হতে পারে। Jafory পণ্যের তথ্য ও বিক্রেতা লিংক দেখায় কিন্তু নিজে বিক্রি করে না — অ্যাফিলিয়েট লিংকে যাওয়ার আগে অফিসিয়াল বা অনুমোদিত বিক্রেতার পেজ যাচাই করুন।","Gillette Fusion5 Razor هو شفرة حلاقة من Gillette بنظام خرطوشة، يتضمن خرطوشة بخمسة شفرات ومشرط دقيق للحواف والتفاصيل. يُستخدم معه خرطوشات قابلة للاستبدال ومقبض يمكن إعادة استخدامه؛ وقد يختلف توفر الخرطوشات حسب البلد. تعرض Jafory معلومات المنتج وروابط التاجر لكنها لا تبيع المنتج — تحقق من صفحة البائع الرسمي أو المعتمد للاطلاع على المواصفات والتوافر الحاليين قبل اتباع روابط الإحالة."
"google-ai-essentials-course","Google AI Essentials","Google AI Essentials is an introductory course from Google that presents core AI concepts, basic machine-learning ideas, common tools, and practical examples for newcomers. The material focuses on foundational terminology, workflows and how AI is applied responsibly in simple scenarios. Course content and availability vary by country and partner—verify the official course page or authorised provider before using any affiliate link.","Google AI Essentials হলো Google-এর একটি প্রাথমিক পরিচিতি কোর্স যা এআই’র মৌলিক ধারণা, বেসিক মেশিন‑লার্নিং ধারণা, প্রচলিত টুল ও অনুশীলনী উদাহরণের মাধ্যমে পরিচয় করায়। বিষয়বস্তু মূল টার্মিনোলজি, কাজের ধারা ও সাধারণ বাস্তব প্রয়োগকে তুলে ধরে। কোর্স কনটেন্ট ও উপলব্ধতা দেশ ও পার্টনারভিত্তিক ভিন্ন হতে পারে—অফিশিয়াল পৃষ্ঠা বা অনুমোদিত প্রদায়ক যাচাই করুন।","Google AI Essentials هو برنامج تمهيدي من Google يشرح مفاهيم الذكاء الاصطناعي الأساسية، أفكار تعلم الآلة الأولية، أدوات شائعة وأمثلة عملية للمبتدئين. يركّز المحتوى على المصطلحات الأساسية وسير العمل وكيفية تطبيق الذكاء الاصطناعي بشكل مسؤول في سيناريوهات بسيطة. قد تختلف المواد وتوفرها حسب البلد والشريك—تحقق من صفحة الدورة الرسمية أو المزود المعتمد قبل اتباع أي رابط تابع."
"head-shoulders-classic-clean","Head & Shoulders Classic Clean Shampoo","Head & Shoulders Classic Clean Shampoo is a regular-use shampoo from Head & Shoulders, formulated for everyday hair cleansing and a refreshed scalp feel. The Classic Clean variant aims for gentle cleansing and easier-to-manage hair without making medical claims. Jafory lists product data and availability can vary by country; Jafory does not sell the product. Verify the official or authorised seller page before using an affiliate link.","Head & Shoulders Classic Clean Shampoo Head & Shoulders-এর একটি দৈনন্দিন ব্যবহারের শ্যাম্পু, যা চুল পরিষ্কার রাখা এবং স্ক্যাল্পে সতেজ অনুভূতিতে সাহায্য করার জন্য তৈরি। Classic Clean সংস্করণটি মৃদু পরিষ্কারকরণ এবং আরও সহজে ব্যবস্থাপনা যোগে ডিজাইনের করা; কোনো চিকিৎসাসংক্রান্ত দাবি করা হয়নি। Jafory-তে তালিকাভুক্ত, দেশভেদে বিবরণ ও পাওয়ায় পরিবর্তন থাকতে পারে; Jafory পণ্য বিক্রি করে না। affiliate লিংক ব্যবহারের আগে অফিসিয়াল বা অনুমোদিত বিক্রেতার পৃষ্ঠা যাচাই করুন।","شامبو Head & Shoulders Classic Clean هو شامبو للاستخدام اليومي من علامة Head & Shoulders، مصمّم لتنظيف الشعر اليومي ومنح إحساس بالانتعاش لفروة الرأس. إصدار Classic Clean يركّز على تنظيف لطيف وتسهل العناية بالشعر دون الادعاء بعلاج طبي. معلومات المنتج والتوافر قد تختلف حسب الدولة؛ جافوري لا تبيع المنتج. تحقق من صفحة البائع الرسمي أو المصرح قبل استخدام رابط تابع."
"hgwssy-convertible-fashion-backpack-purse","HGWSSY Convertible Fashion Backpack Purse","The HGWSSY Convertible Fashion Backpack Purse switches between backpack and purse configurations for versatile everyday use. Before buying, review how it converts, the material feel, overall dimensions, internal compartments and care instructions to make sure it suits your needs. Also consider strap options and weight distribution for comfort. Verify product details and seller info — Jafory helps you discover products but does not sell them.","HGWSSY কনভার্টিবল ফ্যাশন ব্যাকপ্যাক পার্সটি ব্যাকপ্যাক ও পার্স দুইভাবে ব্যবহার করা যায়, ফলে দৈনন্দিন আইটেম হিসেবে এটি বহুমুখী। কেনার আগে এর কনভার্ট পদ্ধতি, মেটেরিয়ালের অনুভূতি, মোট মাপ, ভেতরের সেকশন ও যত্নবিধি পরীক্ষা করুন যাতে আপনার প্রয়োজন মেটায়। স্ট্র্যাপের ধরন ও ওজন বণ্টনও বিবেচনা করুন। পণ্য ও বিক্রেতা সম্পর্কিত তথ্য যাচাই করুন — Jafory এই পণ্য বিক্রি করে না।","تتحول حقيبة HGWSSY القابلة للتحويل بين شكل حقيبة ظهر وحقيبة يد، ما يمنحها مرونة للاستخدام اليومي. قبل الشراء، راجع طريقة التحويل، ملمس المادة، الأبعاد العامة، الجيوب أو الأقسام الداخلية وتعليمات العناية للتأكد من مناسبتها لاحتياجاتك. ضع في الاعتبار أيضاً خيارات الأحزمة وتوزيع الوزن للراحة. تحقق من تفاصيل المنتج ومعلومات البائع — Jafory يساعدك على الاكتشاف لكنه لا يبيع المنتج."
"ibm-skillsbuild-ai-fundamentals","IBM SkillsBuild AI Fundamentals","Jafory listing for IBM SkillsBuild AI Fundamentals — an introductory learning program covering core AI concepts, basic machine learning ideas, data fundamentals, and common tools and use cases. This entry summarizes the course offering; Jafory does not sell the course. Course details and availability can vary by country — verify the official provider or authorised page before following any affiliate link.","Jafory-এর তালিকা: IBM SkillsBuild AI Fundamentals — একটি প্রারম্ভিক পাঠ্যক্রম যা কৃত্রিম বুদ্ধিমত্তার মূল ধারণা, মৌলিক মেশিন লার্নিং ধারণা, ডেটা মূলনীতি এবং সাধারণ টুল ও ব্যবহারক্ষেত্র পরিচয় করায়। Jafory নিজে এটি বিক্রি করে না। দেশভেদে কোর্সের বিবরণ ও উপলব্ধতা ভিন্ন হতে পারে; অফিসিয়াল বা অনুমোদিত পৃষ্ঠা যাচাই করে তারপর অ্যাফিলিয়েট লিংক ব্যবহার করুন।","قائمة Jafory لبرنامج IBM SkillsBuild AI Fundamentals — برنامج تمهيدي يقدّم مفاهيم الذكاء الاصطناعي الأساسية، مبادئ التعلم الآلي البسيطة، أساسيات البيانات، والأدوات والتطبيقات الشائعة. هذه ملخص لقسم الدورة؛ جافوري لا يبيع المنتج. قد تختلف تفاصيل الدورة وتوافرها حسب الدولة — تحقّق من صفحة الموفر الرسمية أو البائع المعتمد قبل اتباع أي رابط تابع."
"ikea-365-food-containers","IKEA 365+ Food Containers","Jafory listing for IKEA 365+ Food Containers. Part of IKEA’s 365+ kitchen range, these containers are designed for everyday food storage and kitchen organisation. They come in a variety of sizes and styles to suit different needs and are commonly used with fridge, freezer, microwave and dishwasher—confirm the specific item’s care instructions and compatibility on the official or authorised seller page before buying.","Jafory তালিকা: IKEA 365+ Food Containers। IKEA-এর 365+ কিচেন সিরিজের অংশ হিসেবে এসব কন্টেইনার প্রতিদিনের খাবার সংরক্ষণ ও রান্নাঘর ব্যবস্থা সহজ করার উদ্দেশ্যে তৈরি। বিভিন্ন সাইজ ও রচনায় পাওয়া যায় এবং আলাদা প্রয়োজন অনুযায়ী ব্যবহৃত হতে পারে; নির্দিষ্ট আইটেমের যত্ন ও ব্যবহারযোগ্যতা অফিসিয়াল বা অনুমোদিত বিক্রেতার পেজে যাচাই করুন।","قائمة جافوري لمنتج IKEA 365+ Food Containers. هذه العبوات تندرج ضمن مجموعة المطبخ IKEA 365+ ومصممة لتخزين الطعام اليومي وتنظيم المطبخ. تتوفر بأحجام وتصاميم متعددة لتلائم احتياجات مختلفة، وغالبًا ما تُستخدم مع الثلاجة والفريزر والمايكروويف وغسالة الصحون — تحقق من صفحة البائع الرسمي أو المعتمد للتفاصيل والمتطلبات قبل الشراء."
"ikea-365-pressure-cooker","IKEA 365+ Pressure Cooker","The IKEA 365+ Pressure Cooker is part of IKEA’s 365+ cookware range, designed for pressure cooking to shorten typical cooking times versus ordinary pots. Suitable for home kitchens, check the product’s capacity, materials and safety details on the official or authorised seller page before buying. Jafory does not sell this item — verify availability and the seller first.","IKEA 365+ প্রেশার কুকারটি IKEA 365+ কুকওয়্যার সিরিজের একটি রান্নাঘরের যন্ত্র, যা চাপ ব্যবহার করে সাধারণ পাত্রের তুলনায় রান্নার সময় কমাতে ডিজাইন করা হয়ে থাকে। বাড়িতে ব্যবহারের উপযোগী; কেনার আগে অফিসিয়াল বা অনুমোদিত বিক্রেতার পেজে ক্ষমতা, উপাদান ও নিরাপত্তা বিবরণ যাচাই করুন। জাফোরি এটি বিক্রি করে না — প্রথমে বিক্রেতা ও স্টক যাচাই করুন।","قدر الضغط IKEA 365+ هو جزء من مجموعة أواني المطبخ IKEA 365+، مصمم للطبخ بالضغط لتقليل أوقات الطهي مقارنةً بالأواني العادية. مخصص للاستخدام المنزلي؛ تحقق من السعة والمواد وميزات الأمان على صفحة البائع الرسمي أو المعتمد قبل الشراء. جافوري لا تبيع هذا المنتج — تأكد من التوفر وهوية البائع أولاً."
"ikea-kallax-shelving","IKEA KALLAX Shelving Unit","The IKEA KALLAX Shelving Unit is a versatile storage piece with open cubed compartments suited for living rooms, bedrooms or home offices. Its straightforward rectangular design works with boxes, baskets and display items to help organise belongings and free floor space. Verify current specifications and seller availability on the official or authorised seller page before buying; Jafory lists the product but does not sell it.","IKEA KALLAX Shelving Unit একটি বহুমুখী স্টোরেজ ইউনিট, খোলা কিউব-আকৃতির সেলে বস্তু, বাক্স বা সাজসজ্জা রেখে রুম, অফিস বা বেডরুমে জিনিসগুলো সংগঠিত করতে সহায়তা করে। সরল আকারের ডিজাইনটি বিভিন্ন স্টাইলের বাসস্থানেই মানানসই। বর্তমান স্পেসিফিকেশন ও স্টক যাচাই করতে অফিসিয়াল বা অনুমোদিত বিক্রেতার পাতা দেখুন; Jafory এই পণ্যটি বিক্রি করে না।","وحدة الرفوف IKEA KALLAX حل تخزين متعدد الاستعمالات، تحتوي على مقصورات مكعبة مفتوحة تناسب غرفة المعيشة أو غرفة النوم أو المكتب المنزلي. تصميمها البسيط يتيح ترتيب الصناديق والسلال والقطع الزخرفية لتنظيم المساحة. تحقق من مواصفات المنتج والتوفر على صفحة البائع الرسمي أو المعتمد قبل الشراء؛ جافوري تعرض المنتج لكنها لا تبيعه."
"jbl-flip-6","JBL Flip 6 Portable Bluetooth Speaker","JBL Flip 6 Portable Bluetooth Speaker is a compact wireless speaker for on-the-go audio. It offers Bluetooth connectivity, portable design and a rugged build suited to indoor or outdoor listening; some features vary by model or region. Check the official or authorised seller page for current specifications, availability and pricing — Jafory does not sell this product.","JBL Flip 6 Portable Bluetooth Speaker একটি ছোট পোর্টেবল ব্লুটুথ স্পিকার যা চলাচলের সময়ে অডিও চালাতে উপযোগী। এতে ব্লুটুথ সংযোগ, পোর্টেবল ডিজাইন এবং ইনডোর/আউটডোর ব্যবহারের উপযোগী টেকসই নির্মাণ থাকে; কিছু ফিচার মডেল বা এলাকায় ভিন্ন হতে পারে। বর্তমান স্পেসিফিকেশন, উপলব্ধতা ও মূল্য যাচাই করতে official বা authorised seller পেজ দেখুন — Jafory এটি বিক্রি করে না।","قائمة JBL Flip 6 Portable Bluetooth Speaker لمكبر صوت بلوتوث محمول ومناسب للاستماع أثناء التنقّل. يوفر اتصال بلوتوث وتصميمًا مريحًا وهيكلًا متينًا للاستخدام الداخلي والخارجي؛ قد تختلف بعض المواصفات حسب الطراز أو الدولة. تحقق من صفحة البائع الرسمية أو المعتمد للاطّلاع على المواصفات الحالية والتوافر والأسعار — جافوري لا يبيع هذا المنتج."
"jononser-magnetic-magsafe-car-mount","Jononser Magnetic MagSafe Car Mount","The Jononser Magnetic MagSafe Car Mount is a MagSafe-style magnetic vehicle holder for drivers who prefer quick, one-handed attachment instead of a clamp. Before buying, confirm your phone or case supports MagSafe or has a magnetic surface—non-magnetic or very thick cases may not attach properly. Check compatibility and availability; Jafory does not sell this product.","Jononser Magnetic MagSafe Car Mount একটি MagSafe-স্টাইলের ম্যাগনেটিক গাড়ি হোল্ডার, যা ক্ল্যাম্পের বদলে দ্রুত এক হাতে মোবাইল লাগাতে পছন্দকারী চালকদের জন্য উপযুক্ত। কেনার আগে নিশ্চিত করুন আপনার ফোন বা কেস MagSafe-সামঞ্জস্যপূর্ণ বা ম্যাগনেটিক কিনা — নন-ম্যাগনেটিক বা অতিরিক্ত মোটা কেস ঠিকভাবে আটকতে নাও পারে। সামঞ্জস্য যাচাই করুন; Jafory এই পণ্য বিক্রি করে না।","حامل السيارة Jononser Magnetic MagSafe Car Mount هو حامل مغناطيسي بنمط MagSafe، مناسب للسائقين الذين يفضّلون التثبيت السريع بيد واحدة بدلًا من المشبك. قبل الشراء تأكد أن هاتفك أو غلافه يدعمان MagSafe أو يحتويان على سطح مغناطيسي — الأجهزة أو الأغلفة غير المغناطيسية أو السميكة جدًا قد لا تثبت جيدًا. تحقّق من التوافق والتوافر؛ Jafory لا يبيع هذا المنتج."
"kalidi-corduroy-tote-crossbody","KALIDI Corduroy Tote and Crossbody Bag","The KALIDI Corduroy Tote and Crossbody Bag is offered in two size options and supports both tote and crossbody carrying styles. When choosing, consider strap adjustability, the type of closure, and which size fits your everyday needs. Check exact dimensions, strap length, closure details and seller information on the product page; Jafory does not sell this item.","KALIDI করডরয় টোট ও ক্রসবডি ব্যাগটি দুইটি সাইজে আসে এবং টোট বা ক্রসবি—উভয়ভাবে ব্যবহারের সুবিধা দেয়। বানিয়ে নেওয়ার আগে স্ট্র্যাপের সমন্বয় ক্ষমতা, ক্লোজারের ধরন ও কোন সাইজটি আপনার দৈনন্দিন ব্যবহারের উপযোগী তা বিবেচনা করুন। সঠিক মাপ, স্ট্র্যাপ দৈর্ঘ্য ও বিক্রেতার তথ্য পেজে যাচাই করুন; Jafory এই পণ্য বিক্রি করে না।","حقيبة KALIDI القماشية (كورْدروي) متاحة بخيارين للحجم وتأتي بتصميم يسمح بالاستخدام كـ tote أو كـ crossbody. عند الاختيار، انتبه إلى مدى قابلية ضبط الحزام، نوع الإغلاق وأي حجم يلبي احتياجاتك اليومية. تحقق من الأبعاد الدقيقة وطول الحزام وتفاصيل الإغلاق ومعلومات البائع على صفحة المنتج؛ Jafory لا يبيع هذا المنتج."
"kleenex-balsam-tissues","Kleenex Balsam Tissues","Kleenex Balsam Tissues are soft facial tissues from the Kleenex Balsam range, with a light balm finish made for gentler use on delicate skin. Suited for everyday nose and face use, they aim to feel smoother than plain tissues without claiming medical benefits. Product details and local availability can change; verify the brand’s official or authorised seller page before buying.","Kleenex Balsam Tissues হলো Kleenex-এর বাল্সাম সিরিজের নরম ফেসিয়াল টিস্যু, হালকা বাল্ম ফিনিশ করে কোমল ত্বকের জন্য ব্যবহারকে আরামদায়ক করে। দৈনন্দিন নাক ও মুখের ব্যবহারের উপযোগী, সাধারণ টিস্যুদের চেয়ে মসৃণ অনুভব দেয় এবং চিকিৎসাসূচক দাবি করে না। পণ্যের বিবরণ ও দেশভিত্তিক উপলব্ধতা পরিবর্তিত হতে পারে; কেনার আগে অফিসিয়াল বা অনুমোদিত বিক্রেতার পেজ যাচাই করুন।","Kleenex Balsam Tissues مناديل وجه ناعمة من مجموعة Kleenex Balsam، تحمل لمسة بلسم خفيفة لتوفير استخدام ألطف على البشرة الحساسة. مناسبة للاستخدام اليومي للأنف والوجه وتمنح إحساسًا أكثر نعومة مقارنةً بالمناديل العادية دون ادعاء فوائد طبية. قد تتغير مواصفات المنتج والتوفر حسب البلد؛ تحقق من صفحة العلامة التجارية الرسمية أو البائع المعتمد قبل الشراء."
"lamicall-15w-magsafe-car-mount-charger","Lamicall 15W MagSafe Car Mount Charger","Compact magnetic car mount and charger offering up to 15W MagSafe charging for compatible devices. It attaches to vehicle vents and secures a MagSafe-compatible phone; confirm your phone supports MagSafe, that your case isn't too thick, and that your car charger and cable match the mount’s requirements. Check vent shape and mounting stability before purchase. Jafory does not sell this item.","Lamicall 15W MagSafe কার মাউন্ট চার্জারটি ম্যাগনেটিকভাবে এয়ার ভেন্টে লাগিয়ে MagSafe-সক্ষম ডিভাইসগুলোকে চার্জ করার জন্য তৈরি। কেনার আগে নিশ্চিত করুন আপনার ফোন MagSafe সমর্থন করে, কেস অতিরিক্ত পুরু নয় এবং গাড়ির চার্জার ও ক্যাবল মাউন্টের সাথে মানানসই। ভেন্টের ধরন ও মাউন্টিংয়ের স্থিতিশীলতাও যাচাই করুন। Jafory এটি বিক্রি করে না।","حامل شاحن سيارة Lamicall بقدرة 15W وبتقنية MagSafe، يُثبّت ممغنطًا على فتحات التهوية لثبيت وشحن الأجهزة المتوافقة. قبل الشراء تأكد أن جهازك يدعم MagSafe، وأن غلاف الهاتف ليس سميكًا جدًا، وأن شاحن السيارة والكابل متوافقان مع الحامل. افحص شكل فتحة التهوية وثبات التركيب. Jafory لا يبيع هذا المنتج."
"large-marble-hair-clips","Large Marble-Style Hair Clips","Large marble-style hair clips provide a bold look and can hold larger sections of hair. Before buying, check actual clip dimensions, grip or spring tension, surface finish and how comfortable it sits with your hair’s texture and thickness. Because designs and construction differ, don’t treat photos or brief listings as a performance guarantee. Verify size and seller details on the product page; Jafory does not sell this item.","বড় মার্বেল-স্টাইল হেয়ার ক্লিপগুলো চোখে পড়ে এবং চুলের বড় অংশ ধরে রাখার উপযোগী। কেনার আগে ক্লিপের বাস্তব মাপ, গ্রিপ/স্প্রিংয়ের শক্তি, পৃষ্ঠের ফিনিশ এবং আপনার চুলের টেক্সচার ও ঘনতার সঙ্গে আরাম পরীক্ষা করুন। ডিজাইন ও নির্মাণ ভিন্ন হতে পারে, তাই ছবি বা সংক্ষিপ্ত বিবরণকে কর্মদক্ষতার নিশ্চয়তা ধরে নেবেন না। পণ্যের মাপ ও বিক্রেতার তথ্য যাচাই করুন; Jafory এটি বিক্রি করে না।","مشابك شعر كبيرة بطابع رخامي تضفي مظهراً بارزاً وتناسب تثبيت أقسام أكبر من الشعر. قبل الشراء، تحقّق من الأبعاد الفعلية للمشبك وقوة القبضة/الزنبرك ونوعية التشطيب ومدى الراحة مع كثافة ونوع شعرك. تختلف التصاميم وطرق التصنيع، لذا لا تعتبر الصور أو الوصف القصير ضماناً للأداء. تحقق من المقاسات ومعلومات البائع على صفحة المنتج؛ موقع Jafory لا يبيع هذا المنتج."
"levis-501-original-jeans","Levi’s 501 Original Jeans","Levi’s 501 Original Jeans are Levi’s iconic denim with a traditional straight-leg silhouette and durable construction suited for everyday wear. This listing is for product discovery: sizes, materials and availability may differ by country and retailer. Before using any affiliate link, confirm details on the manufacturer’s or an authorised seller’s current page. Jafory is not the seller.","Levi’s 501 Original Jeans হলো Levi’s-এর পরিচিত ডেনিম মডেল, যার ঐতিহ্যবাহী সরাসরি পায়ের কাট এবং দৈনন্দিন ব্যবহারের জন্য টেকসই নির্মাণ বৈশিষ্ট্য রয়েছে। এই তালিকা কেবল পণ্য সন্ধানের উদ্দেশ্যে; সাইজ, উপকরণ ও স্টক দেশ ও বিক্রেতা অনুযায়ী ভিন্ন হতে পারে। কোনো অ্যাফিলিয়েট লিঙ্ক ব্যবহার করার আগে নির্মাতা বা অনুমোদিত বিক্রেতার বর্তমান পৃষ্ঠা যাচাই করুন। Jafory বিক্রেতা নয়।","جينز Levi’s 501 Original Jeans من موديلات ليفاي المعروفة، يتميز بقصة مستقيمة تقليدية وبنية متينة ملائمة للاستخدام اليومي. هذه القائمة معدّة للاطلاع فقط؛ المقاسات والمواد وتوفر المنتج قد تختلف حسب البلد والبائع. قبل اتباع أي رابط تابع، تحقق من صفحة الشركة المصنعة أو البائع المعتمد الحالية. جافوري ليست البائع."
"levis-crocs-all-terrain","Levi’s x Crocs All-Terrain Clog","Levi’s x Crocs All-Terrain Clog is a collaborative clog-style shoe from Levi’s and Crocs, labelled for use on varied surfaces. It pairs Crocs’ familiar clog silhouette with Levi’s branding and design cues for a rugged, outdoor-oriented look. Product details, sizes and availability can change by country and seller. Verify the official or authorised seller page before using an affiliate destination; Jafory does not sell this item.","Levi’s x Crocs All-Terrain Clog হলো Levi’s ও Crocs-এর যৌথ ক্লগ-স্টাইল জুতা, যা বিভিন্ন ধরনের পৃষ্ঠে ব্যবহার উপযোগী হিসেবে বাজারজাত হয়েছে। এটি Crocs-এর পরিচিত ক্লগ সিলুয়েট ও Levi’s ব্র্যান্ডিং যুক্ত করে আউটডোর-অনুকূল নকশার চেহারা দেয়। পণ্যের বিবরণ, সাইজ ও স্টক দেশ ও বিক্রেতা অনুসারে পরিবর্তিত হতে পারে। অফিসিয়াল বা অনুমোদিত বিক্রেতার পৃষ্ঠা যাচাই করুন; Jafory এটি বিক্রি করে না।","Levi’s x Crocs All-Terrain Clog هو حذاء على طراز الكلوغ ناتج عن تعاون بين Levi’s و Crocs، مصنَّف للاستخدام على أسطح متنوعة. يجمع بين شكل الكلوغ المألوف لدى Crocs وعناصر تصميم Levi’s لمظهر مناسب للخارج. قد تتغير مواصفات المنتج والمقاسات والتوافر حسب البلد والبائع. تحقق من صفحة البائع الرسمي أو المعتمد قبل استخدام رابط إحالة؛ جافوري لا يبيع هذا المنتج."
"listerine-cool-mint","Listerine Cool Mint Mouthwash","Listerine Cool Mint Mouthwash is a cool‑mint‑flavoured oral rinse intended to freshen breath between brushings. Packaging, formulation and availability can vary by country and seller. Jafory lists product information for research and does not sell the item—always verify details on the official or authorised seller page before following an affiliate link.","Listerine Cool Mint Mouthwash একটি কুল মিন্ট সুগন্ধযুক্ত মুখ ধোয়ার দ্রব্য, যা ব্রাশের মাঝে শ্বাসতাজা রাখতে ব্যবহৃত হয়। প্যাকেজিং, ফর্মুলা ও সরবরাহ দেশ ও বিক্রেতা অনুযায়ী ভিন্ন হতে পারে। Jafory কেবল তথ্য তালিকাভুক্ত করে এবং পণ্য বিক্রি করেনা—affiliate লিংক ব্যবহারের আগে অফিসিয়াল বা অনুমোদিত বিক্রেতার পৃষ্ঠা যাচাই করুন।","Listerine Cool Mint Mouthwash غسول فم بنكهة النعناع البارد مصمم لإنعاش النفس بين فترات تنظيف الأسنان. المواصفات والتعبئة وتوفر المنتج قد تختلف حسب البلد والبائع. تقوم جافوري بإدراج معلومات المنتج لأغراض البحث ولا تبيع المنتج — تحقق دائماً من صفحة البائع الرسمية أو المعتمدة قبل استخدام رابط إحالة."
"logitech-mx-master-3s","Logitech MX Master 3S Mouse","Logitech MX Master 3S is a wireless desktop mouse built for extended use and precise control. It offers an ergonomic shape, thumb rest and customizable buttons for workflow adjustments, plus a high-precision sensor and rechargeable power—features typical of premium productivity mice. Jafory lists product information but does not sell it. Verify the official or authorised seller page before using an affiliate link.","Logitech MX Master 3S একটি ওয়্যারলেস ডেস্কটপ মাউস, দীর্ঘ সময় ব্যবহার এবং নির্ভুল নিয়ন্ত্রণের উদ্দেশ্যে ডিজাইন করা। এতে আরামদায়ক আকৃতি, থাম্ব রেস্ট ও কাস্টমাইজযোগ্য বোতাম থাকে, সঙ্গে উচ্চ-নির্ভুলতার সেন্সর ও রিচার্জযোগ্য পাওয়ার—প্রিমিয়াম প্রোডাক্টিভিটি মাউসগুলোর সাধারণ বৈশিষ্ট্য। জাফোরি পণ্যের তথ্য তালিকাভুক্ত করে; এটি পণ্য বিক্রি করে না। অ্যাফিলিয়েট লিঙ্ক ব্যবহারের আগে অফিসিয়াল বা অথরাইজড সেলার পেজ যাচাই করুন।","Logitech MX Master 3S هي فأرة مكتبية لاسلكية مصممة للاستخدام الطويل والتحكم الدقيق. تتميز بصورة مريحة ومسند للإبهام وأزرار قابلة للتخصيص مع مستشعر عالي الدقة وطاقة قابلة للشحن — سمات شائعة في فئة الفأرات المخصصة لإنتاجية العمل. تسرد جافوري معلومات المنتج لكنها لا تبيعه. تحقق من صفحة البائع الرسمية أو المعتمد قبل استخدام رابط الإحالة."
"lrp-anthelios-uvmune-spf50","La Roche-Posay Anthelios UVMune SPF50+","La Roche-Posay Anthelios UVMune SPF50+ is a high-SPF sunscreen from La Roche-Posay’s Anthelios range, designed to provide strong UV protection. Intended for use as part of a daily sun-care routine, it targets people seeking SPF50+ coverage. Product details and availability vary by country — verify the official or authorised seller page before following any affiliate link.","La Roche-Posay Anthelios UVMune SPF50+ হচ্ছে La Roche-Posay-এর Anthelios সিরিজের একটি উচ্চ-SPF সানস্ক্রিন, যা শক্তিশালী UV সুরক্ষা দেওয়ার উদ্দেশ্যে তৈরি। দৈনন্দিন সান-কেয়ারের অংশ হিসেবে ব্যবহার উপযোগী এবং SPF50+ কভেরেজ চান এমনদের জন্য উপযুক্ত। পণ্যের বিবরণ ও দেশের ভিত্তিতে প্রাপ্যতা পরিবর্তিত হতে পারে — কোনো অ্যাফিলিয়েট লিংক অনুসরণ করার আগে অফিসিয়াল বা অনুমোদিত বিক্রেতার পৃষ্ঠা যাচাই করুন।","La Roche-Posay Anthelios UVMune SPF50+ هو واقٍ من الشمس ذي معامل حماية مرتفع من مجموعة Anthelios لدى La Roche-Posay، مصمم لتقديم حماية فعالة من أشعة UV. مناسب للاستخدام كجزء من روتين العناية اليومي لمن يبحث عن تغطية SPF50+. قد تتغير مواصفات المنتج وتوفره حسب البلد — تحقق من صفحة البائع الرسمية أو المعتمد قبل اتباع أي رابط تابع."
"maybelline-sky-high-mascara","Maybelline Sky High Mascara","Maybelline Sky High Mascara is a cosmetic product for eyelashes from Maybelline. Listings, shade options, and merchant availability can differ by country and retailer. This Jafory research entry presents the item for discovery and affiliate reference only; we do not sell it. Before buying or following an affiliate link, verify details and stock on the brand's official or an authorised seller page.","Maybelline Sky High Mascara হল Maybelline-এর চোখের মাসকারা পণ্য। দেশের ও রিটেইলারের উপরে নির্ভর করে লিস্টিং, রঙের অপশন ও সরবরাহ ভিন্ন হতে পারে। জাফোরির এই তালিকা আবিষ্কার ও অ্যাফিলিয়েট রেফারেন্সের উদ্দেশ্যে; আমরা সরাসরি বিক্রি করি না। ক্রয় বা অ্যাফিলিয়েট লিঙ্ক ব্যবহারের আগে ব্র্যান্ডের অফিসিয়াল বা অনুমোদিত বিক্রেতার পেজে তথ্য ও স্টক যাচাই করুন।","Maybelline Sky High Mascara هو منتج مسكارا من Maybelline مخصّص للرموش. قد تختلف القوائم، درجات اللون وتوفر البائعين بحسب البلد والتاجر. إدراج جافوري هذا مخصص للاكتشاف والمرجعية في برامج الإحالة؛ نحن لا نبيع المنتج مباشرة. قبل الشراء أو استخدام رابط إحالة، تحقق من الصفحة الرسمية للعلامة التجارية أو بائع معتمد لتأكيد التفاصيل والمخزون."
"microsoft-generative-ai-beginners","Microsoft Generative AI for Beginners","Microsoft Generative AI for Beginners is an introductory Microsoft resource covering fundamentals of generative AI concepts, tools and Microsoft-related implementations for newcomers. It’s suited to people starting to explore AI creation techniques and Microsoft’s ecosystem. Product format, features and availability can vary by country and merchant; confirm the official Microsoft or authorised seller page before following any affiliate link.","Microsoft Generative AI for Beginners হল একটি প্রারম্ভিক-স্তরের Microsoft রিসোর্স যা জেনেরেটিভ এআই-এর মৌলিক ধারণা, টুল এবং Microsoft-ভিত্তিক প্রয়োগগুলির পরিচয় করায়। নতুনদের জন্য AI নির্মাণ সম্পর্কিত ধারণা অনুধাবন করার জন্য উপযোগী। পণ্যের ফরম্যাট, বৈশিষ্ট্য ও প্রাপ্যতা দেশ ও বিক্রেতা অনুযায়ী ভিন্ন হতে পারে; অ্যাফিলিয়েট লিঙ্ক ব্যবহার করার আগে Microsoft-এর অফিসিয়াল বা অনুমোদিত বিক্রেতার পাতা যাচাই করুন।","Microsoft Generative AI for Beginners مورد تمهيدي من Microsoft مخصَّص للمبتدئين، يقدم مقدمة لمفاهيم الجيل التوليدي للذكاء الاصطناعي، الأدوات وأساليب التطبيق ذات الصلة ببيئة Microsoft. مناسب لمن يبدأ استكشاف تقنيات إنشاء المحتوى بالذكاء الاصطناعي. قد تختلف التفاصيل والصيغة وتوفر المنتج حسب البلد والبائع؛ تحقق من صفحة Microsoft الرسمية أو البائع المعتمد قبل استخدام أي رابط تابع."
"multi-layer-standing-clothes-rack","Multi-Layer Standing Clothes Rack","Free-standing multi-layer clothes rack that adds hanging and shelving space for bedrooms or laundry areas. Multiple tiers help organise garments, towels and accessories while keeping items off the floor. Before buying, check the exact model dimensions, floor footprint and any assembly steps so it will fit your room and layout. Jafory does not sell this product.","এই মাল্টি-লেয়ার স্ট্যান্ডিং কাপড়ের র্যাক ঘর বা লন্ড্রি এলাকায় ঝুলানো ও রাখার জায়গা বাড়ায়। একাধিক স্তর পোশাক, তোয়ালে ও আনুষঙ্গিক সামগ্রী সংগঠিত করে এবং মেঝে খালি রাখে। কেনার আগে সঠিক মডেলের মাপ, মেঝে দখল ও সমাবেশের নির্দেশাবলী যাচাই করুন যেন এটা আপনার স্থানে মানায়। Jafory এই পণ্য বিক্রি করে না।","حامل ملابس قائم متعدد الطبقات يوفّر مساحة إضافية للتعليق والرفوف في غرفة النوم أو منطقة الغسيل. الطبقات المتعددة تساعد في تنظيم الملابس والمناشف والاكسسوارات مع إبقاء الأرضية خالية. قبل الشراء، تحقق من أبعاد الطراز، مساحة الأرض والتجميع المطلوب للتأكد من ملاءمته لمساحتك. Jafory لا يبيع هذا المنتج."
"nike-air-force-1-retro","Nike Air Force 1 Retro Shoes","Nike Air Force 1 Retro Shoes are Nike's heritage sneaker silhouette designed for everyday casual wear. This listing summarises the model and notes that product details and availability can vary by country. Jafory is a discovery site and does not sell the shoes; always check the official or authorised seller page before following any affiliate link or making a purchase.","Nike Air Force 1 Retro Shoes হলো Nike-এর একটি পরিচিত স্নিকার মডেল, দৈনন্দিন ও ক্যাজুয়াল ব্যবহারের জন্য ডিজাইন করা। এই লিস্টিং মডেল সংক্ষেপে উপস্থাপন করে এবং জানায় যে পণ্যের বর্ণনা ও স্টক দেশভেদে বদলে যেতে পারে। Jafory একটি ডিসকভারি সাইট; কোনো ক্রয়ের আগে অফিসিয়াল বা অনুমোদিত বিক্রেতার পেজ যাচাই করুন।","حذاء Nike Air Force 1 Retro هو طراز سنيكرز من نايك بمظهر مستلهم من الإصدارات السابقة، مناسب للارتداء اليومي والكاجوال. تعرض هذه الصفحة ملخصًا عن الطراز وتُشير إلى أن المواصفات وتوفر المنتج قد يختلفان حسب البلد. جافوري موقع اكتشاف ولا يبيع المنتج؛ تحقق من صفحة البائع الرسمية أو المعتمد قبل اتباع أي رابط إحالة أو الشراء."
"nike-calm-slide","Nike Calm Slide Sandals","Nike Calm Slide Sandals are casual slip-on sandals from Nike, designed for easy on-and-off wear. Suited for poolside, home and relaxed outings, they pair well with casual summer clothing. Specific features, sizing and stock can differ by country; check the official Nike product page or an authorised seller before using any affiliate link. Jafory does not sell this item.","Nike Calm Slide Sandals হচ্ছে Nike-এর স্লিপ-অন স্যান্ডেল, সহজভাবে পরে ও খুলতে নকশা করা। পুল সাইড, বাড়ি বা আরামদায়ক বাইরে সময়ের ব্যবহারের জন্য উপযোগী এবং কজুয়াল সামার পোশাকের সঙ্গে মানায়। পণ্যের বিবরণ, সাইজ ও স্টক দেশভেদে ভিন্ন হতে পারে; কোনো অ্যাফিলিয়েট লিঙ্ক ব্যবহারের আগে অফিসিয়াল Nike পেজ বা অনুমোদিত বিক্রেতা যাচাই করুন। Jafory এই পণ্য বিক্রি করে না।","Nike Calm Slide Sandals هي صندل سليب أون من Nike، مصممة للبس والخلع السهل. مناسبة للاستخدام حول المسبح، في المنزل أو للخروجات الكاجوال وتتناسق مع ملابس الصيف المريحة. مواصفات المنتج والمقاسات والتوفر قد تختلف حسب الدولة؛ تحقق من صفحة Nike الرسمية أو بائع معتمد قبل اتباع أي رابط تابع. جافوري لا تبيع هذا المنتج."
"nike-reactx-rejuven8","Nike ReactX Rejuven8 Shoes","This Jafory research entry covers the Nike ReactX Rejuven8 Shoes. Availability, sizing and specifications can differ by country and retailer; check the brand’s official or an authorised seller page for the latest product information before following affiliate links or buying. Jafory lists items for discovery only and does not sell this product—please verify details before purchase.","এই Jafory গবেষণা তালিকাটি Nike ReactX Rejuven8 Shoes-এর জন্য। পণ্যের বৈশিষ্ট্য, সাইজ ও স্টক দেশ এবং বিক্রেতা অনুযায়ী ভিন্ন হতে পারে; কোনো অ্যাফিলিয়েট লিংক খুলে বা কেনার আগে ব্র্যান্ডের অফিসিয়াল বা অনুমোদিত বিক্রেতার পাতায় সাম্প্রতিক তথ্য যাচাই করুন। Jafory কেবল আবিষ্কারের উদ্দেশ্যে তালিকা করে, পণ্য বিক্রি করে না।","دليل من Jafory لمنتج Nike ReactX Rejuven8 Shoes. المواصفات والمقاسات وتوفر المخزون قد تختلف بين الدول والبائعين؛ قبل اتباع أي رابط إحالة أو الشراء تحقق من صفحة العلامة التجارية الرسمية أو صفحة بائع معتمد للحصول على المعلومات الأحدث. Jafory يعرض المنتج لأغراض الاكتشاف فقط ولا يبيع هذا المنتج."
"ninja-foodi-10-in-1","Ninja Foodi 10-in-1 Pressure Cooker","Ninja Foodi 10-in-1 Pressure Cooker is a multi‑function countertop cooker with up to ten cooking modes — for example pressure cooking, air frying and steaming. It combines several preparation methods into one appliance to simplify home meal cooking. Verify capacity, included accessories and local availability on the official or authorised seller page before using any affiliate link. Jafory does not sell this product.","Ninja Foodi 10-in-1 Pressure Cooker একটি বহুমুখী কাউন্টারটপ কুকার, যা দশটি রান্নার মোড পর্যন্ত সমর্থন করে — উদাহরণস্বরূপ প্রেসার কুকিং, এয়ার ফ্রায়িং ও স্টিমিং। একক যন্ত্রে বিভিন্ন রান্নার প্রযুক্তি মিলিয়ে ঘরে খাবার প্রস্তুতি সহজ করে। ক্ষমতা, সাথে থাকা এক্সেসরি ও স্থানীয় পাওয়া যাচাইকরণ অফিসিয়াল বা অনুমোদিত বিক্রেতার পেজে নিশ্চিত করুন। জাফোরি এই পণ্য বিক্রি করে না।","جهاز Ninja Foodi 10-in-1 Pressure Cooker هو جهاز طهي متعدد الوظائف يوضع على سطح المطبخ ويقدّم ما يصل إلى عشر وضعيات طهي — مثل الطهي بالضغط، القلي بالهواء والتبخير. يجمع بين طرق تحضير مختلفة في جهاز واحد لتسهيل إعداد الوجبات المنزلية. تحقق من السعة والملحقات والتوافر المحلي على صفحة البائع الرسمي أو المعتمد قبل استخدام أي رابط تابع. جافوري لا يبيع هذا المنتج."
"ninja-neverstick-cookware","Ninja Foodi NeverStick Cookware Set","The Ninja Foodi NeverStick Cookware Set is a collection of cooking pans and pots featuring Ninja’s NeverStick nonstick surface, intended to limit food adhesion and simplify cleaning for everyday stove-top use. Exact pieces, materials, and compatibility vary by model and region—check the official or authorised seller page for current specifications and availability. Jafory does not sell this product.","Ninja Foodi NeverStick Cookware Set হল একটি রান্নাঘরের পাত্র-সেট, যার নেভারস্টিক আবরণ খাবার চিটকে থাকা কমাতে এবং ধোয়া-পরিচ্ছন্নতা সহজ করতে তৈরি। নির্দিষ্ট আইটেম, উপাদান ও মডেলভিত্তিক সামঞ্জস্য দেশভেদে ভিন্ন হতে পারে—বর্তমান স্পেসিফিকেশন ও উপলব্ধতা নিশ্চিত করতে অফিসিয়াল বা অনুমোদিত বিক্রেতার পেজ পরীক্ষা করুন। Jafory এই পণ্য বিক্রি করে না।","طقم أواني الطهي Ninja Foodi NeverStick هو مجموعة أواني مع سطح NonStick المسمى NeverStick، مصمَّم لتقليل التصاق الطعام وتسهيل التنظيف للاستخدام اليومي على الموقد. قد تختلف القطع والمواد والتوافر حسب الطراز والدولة—تحقق من صفحة البائع الرسمي أو المعتمد للاطلاع على المواصفات والتوفر الحاليين. موقع Jafory لا يبيع هذا المنتج."
"nivea-creme-tin","Nivea Creme Tin","Nivea Creme Tin is a skin cream presented in a metal tin. This Jafory listing summarises the product name and packaging; specific sizes, formulations and merchant availability may vary by country. Jafory does not sell this item — verify current product details and the official or authorised seller page before using any affiliate destination.","Nivea Creme Tin একটি ত্বকের ক্রিম যা টিন প্যাকেটে পাওয়া যায়। Jafory-এর এই তালিকাটি পণ্যের নাম ও প্যাকেজিং সংক্ষেপে দেখায়; নির্দিষ্ট সাইজ, ফর্মুলা ও বিক্রেতার উপস্থিতি দেশভেদে ভিন্ন হতে পারে। Jafory এই পণ্যটি বিক্রি করে না — অ্যাফিলিয়েট লিংকে যাওয়ার আগে অফিসিয়াল বা অনুমোদিত বিক্রেতা পেজ যাচাই করুন।","Nivea Creme Tin عبارة عن كريم للبشرة يُقدَّم في عبوة معدنية (تين). تُدرج Jafory هذا القيد لعرض اسم المنتج وطريقة التغليف؛ قد تختلف الأحجام والتركيبات وتوفر البائعين حسب الدولة. Jafory لا تبيع هذا المنتج — تحقق من صفحة البائع الرسمي أو المعتمد قبل المتابعة إلى أي رابط تابع."
"nivea-men-sensitive-kit","Nivea Men Sensitive Shaving Kit","Nivea Men Sensitive Shaving Kit is a grooming set from Nivea’s men range, named to indicate suitability for sensitive skin. It’s presented as a collection of shaving essentials for regular use. Exact contents and availability vary by market and seller; Jafory lists this item for research and does not sell it. Verify the official or authorised seller page before purchasing.","Nivea Men Sensitive Shaving Kit হলো Nivea-এর পুরুষদের গৃহীত একটি শেভিং কিট, যার নাম থেকেই বোঝা যায় এটি সংবেদনশীল ত্বকের জন্য নির্দেশিত। এটি সাধারণত দৈনন্দিন ব্যবহারের শেভিং প্রয়োজনীয় উপকরণসমূহের সমন্বয় হিসেবে প্রদর্শিত হয়। দেশ ও বিক্রেতাভেদে পণ্যের বিবরণ ও উপলভ্যতা পরিবর্তিত হতে পারে; Jafory গবেষণার তালিকা দেখায় এবং পণ্য বিক্রি করে না। ক্রয়ের আগে অফিসিয়াল বা অনুমোদিত বিক্রেতার পৃষ্ঠা যাচাই করুন।","قائمة Jafory لمنتج Nivea Men Sensitive Shaving Kit تعرض طقم حلاقة من مجموعة Nivea للرجال، ويُشير اسمه إلى ملاءمته للبشرة الحساسة. يُعرض كطقم يحتوي على مستلزمات الحلاقة للاستخدام الاعتيادي. قد تختلف التفاصيل والمحتوى والتوافر بحسب البلد والبائع؛ Jafory تعرض المنتج لأغراض البحث ولا تبيعه. تحقق من صفحة البائع الرسمي أو المعتمد قبل الشراء."
"nvidia-generative-ai-explained","NVIDIA Generative AI Explained","“NVIDIA Generative AI Explained” is a discovery resource that summarizes the concepts behind generative AI and how NVIDIA’s hardware and software ecosystem can be used to develop and deploy generative models. It covers high-level model ideas, developer tools and deployment considerations for technical audiences. Jafory lists this item for discovery only; verify the official or authorised seller page before using an affiliate destination.","“NVIDIA Generative AI Explained” হলো একটি রিসোর্স যা জেনেরেটিভ এআই-এর মূল ধারণা ও NVIDIA হার্ডওয়্যার ও সফটওয়্যার পরিবেশে মডেল তৈরি ও ডিপ্লয়মেন্ট সম্পর্কিত বিষয়সমূহ সংক্ষেপে ব্যাখ্যা করে। এটি প্রযুক্তিগত দিক, ডেভেলপার টুল ও স্থাপনার বিবেচ্য বিষয়গুলো তুলে ধরে। জাফোরি শুধুই তালিকাভুক্ত করেছে; affiliate ব্যবহারের আগে official বা authorised seller পেজ যাচাই করুন।","«NVIDIA Generative AI Explained» مصدر موجز يشرح مفاهيم الذكاء الاصطناعي التوليدي وكيف يمكن الاستفادة من منظومة العتاد والبرمجيات لدى NVIDIA لتطوير ونشر النماذج التوليدية. يناقش الأفكار العامة للنماذج، أدوات المطورين واعتبارات النشر لفئات فنية. جافوري تعرض هذا المنتج بغرض الاكتشاف فقط؛ تحقق من الصفحة الرسمية أو البائع المعتمد قبل استخدام رابط إحالة."
"openai-academy-learning","OpenAI Academy Learning Resources","Jafory’s research listing summarizes OpenAI Academy Learning Resources — a set of educational materials associated with OpenAI Academy. Listings, content and availability can vary by country and seller. Jafory does not sell this product; the page is for discovery only. Before using any affiliate link, verify details on the official OpenAI Academy page or an authorised seller to confirm current information.","Jafory-র রিসার্চ তালিকায় OpenAI Academy Learning Resources‑সংবলিত শিক্ষামূলক উপকরণগুলোর সংক্ষিপ্ত বর্ণনা রয়েছে। তালিকা, কন্টেন্ট ও প্রাপ্যতা দেশ ও বিক্রেতা ভেদে পরিবর্তিত হতে পারে। Jafory এই পণ্য বিক্রি করে না; তালিকাটি কেবল আবিষ্কারের উদ্দেশ্যে প্রদান করা হয়েছে। কোনো অ্যাফিলিয়েট লিঙ্ক ব্যবহার করার আগে অফিসিয়াল OpenAI Academy পেজ বা অনুমোদিত বিক্রেতার তথ্য যাচাই করুন।","دليل من جافوري تعرض OpenAI Academy Learning Resources كمجموعة من المواد التعليمية المرتبطة بـ OpenAI Academy. قد تختلف التفاصيل والمحتوى والتوفر حسب البلد أو البائع. جافوري لا يبيع هذا المنتج؛ الصفحة مخصصة للاكتشاف فقط. قبل اتباع أي رابط إحالة، تحقق من صفحة OpenAI Academy الرسمية أو من بائع معتمد للتأكد من المعلومات الحالية."
"oral-b-io-electric-toothbrush","Oral-B iO Series Electric Toothbrush","The Oral‑B iO Series Electric Toothbrush is a rechargeable electric toothbrush from Oral‑B’s iO line, intended for everyday home oral care. Like other powered brushes, it uses a replaceable brush head and is designed to simplify routine brushing. Jafory lists this product for discovery only and does not sell it—verify the official or authorised seller page before using any affiliate link.","Oral‑B iO সিরিজের ইলেকট্রিক টুথব্রাশ Oral‑B-এর একটি রিচার্জেবল ব্রাশ যা দৈনন্দিন ঘরোয়া মৌখিক পরিচর্যার জন্য নির্মিত। সাধারণ শক্তিচালিত ব্রাশগুলোর মতো এর প্রতিস্থাপনযোগ্য ব্রাশ হেড থাকতে পারে এবং নিয়মিত ব্রাশিং সহজ করতে সহায়তা করে। Jafory শুধুমাত্র তালিকা প্রদানের উদ্দেশ্যে এটি দেখায়; এটি বিক্রি করে না—কোনো অ্যাফিলিয়েট লিঙ্ক ব্যবহার করার আগে অফিসিয়াল বা অনুমোদিত বিক্রেতার পেজ যাচাই করুন।","فرشاة الأسنان الكهربائية Oral‑B iO Series هي فرشاة قابلة للشحن من خط iO لدى Oral‑B، مخصصة للعناية الفموية المنزلية اليومية. مثل الفرش الكهربائية الأخرى، تحتوي عادة على رأس فرشاة قابل للاستبدال وتهدف لتبسيط روتين التنظيف اليومي. تعرضها Jafory لغرض الاكتشاف فقط ولا تبيع المنتج—تحقق من صفحة البائع الرسمي أو المعتمد قبل استخدام أي رابط تابع."
"oral-b-pro-3","Oral-B Pro-3 Electric Toothbrush","The Oral-B Pro-3 Electric Toothbrush is an electric toothbrush from Oral‑B’s Pro line. This listing is for discovery and may not reflect local stock, colours, model variants, or bundled accessories. Verify current specifications and merchant availability on the official product page or an authorised seller in your country before using any affiliate link. Jafory does not sell this item.","Oral-B Pro-3 Electric Toothbrush হলো Oral‑B-এর Pro সিরিজের একটি ইলেকট্রিক টুথব্রাশ। এই লিস্টিং শুধুমাত্র তথ্যগত উদ্দেশ্যে প্রদর্শিত—দেশভেদে স্টক, রঙ, মডেল বা প্যাকেজিং ভিন্ন হতে পারে। কোনো অ্যাফিলিয়েট লিঙ্ক ব্যবহার করার আগে দেশের অফিসিয়াল পণ্য পেজ অথবা অনুমোদিত বিক্রেতার পেজে বর্তমান স্পেসিফিকেশন ও উপলব্ধতা যাচাই করুন। Jafory এটি বিক্রি করে না।","فرشاة الأسنان الكهربائية Oral-B Pro-3 هي جزء من سلسلة Pro لدى Oral‑B. هذه القائمة للاطلاع فقط وقد لا تعكس المخزون المحلي أو الألوان أو الإصدارات أو محتوى العبوة في بلدك. قبل اتباع أي رابط تابع، تحقق من المواصفات الحالية وتوفر البائع على الصفحة الرسمية للمنتج أو لدى بائع معتمد في بلدك. جافوري لا يبيع هذا المنتج."
"ordinary-niacinamide-zinc","The Ordinary Niacinamide 10% + Zinc 1%","The Ordinary Niacinamide 10% + Zinc 1% is a lightweight, water-based serum containing niacinamide at 10% and zinc at 1%. It’s often included in skincare routines for oil-prone or uneven-textured skin. Check ingredient compatibility if combining with other actives. Merchant details and stock can vary by country; verify the official or authorised seller page before purchase. Jafory does not sell this product.","The Ordinary Niacinamide 10% + Zinc 1% একটি হালকা, জলভিত্তিক সিরাম যাতে নাইয়াসিনামাইড ১০% ও জিঙ্ক ১% রয়েছে। এটি সাধারণত তৈলাক্ত ত্বক বা(texture) অনিয়মিত ত্বকের রুটিনে ব্যবহৃত হয়। অন্যান্য সক্রিয় উপাদানের সঙ্গে মিলিয়ে ব্যবহারের আগে উপাদান সামঞ্জস্য পরীক্ষা করুন। দেশভেদে সরবরাহ ও বিবরণ পরিবর্তিত হতে পারে; ক্রয় করার আগে অফিসিয়াল বা অনুমোদিত বিক্রেতার পেজ যাচাই করুন। Jafory এই পণ্য বিক্রি করে না।","منتج The Ordinary Niacinamide 10% + Zinc 1% عبارة عن سيروم خفيف ذو أساس مائي يحتوي على 10% نياكيناميد و1% زنك. يُدرج عادة ضمن روتين العناية بالبشرة للبشرة الدهنية أو ذات ملمس غير متجانس. تحقق من توافق المكونات قبل الدمج مع مكونات نشطة أخرى. قد تختلف توفرات وتفاصيل البائع حسب البلد؛ تحقق من الصفحة الرسمية أو البائع المعتمد قبل الشراء. Jafory لا يبيع هذا المنتج."
"pealwel-mini-backpack-purse","Pealwel Mini Nylon Backpack Purse","Pealwel Mini Nylon Backpack Purse is a compact nylon backpack-style purse with an 11 L capacity and external dimensions of 27 × 13 × 32 cm. The design includes nine separate compartments to help organise small items such as phone, wallet and keys. Check the retailer listing to confirm colour, style and availability; Jafory does not sell this product.","Pealwel Mini Nylon Backpack Purse একটি কমপ্যাক্ট নাইলন ব্যাকপ্যাক-স্টাইল পার্স, যার ধারণক্ষমতা 11 L এবং বাহ্যিক মাত্রা 27 × 13 × 32 সেমি। ডিজাইনে ৯টি পৃথক কম্পার্টমেন্ট রয়েছে যাতে ফোন, ওয়ালেট, চাবি ও অন্যান্য ছোট জিনিস আলাদাভাবে সাজানো যায়। রঙ, স্টাইল ও উপলব্ধতা যাচাই করতে বিক্রেতার তালিকা দেখুন; Jafory এই পণ্যটি বিক্রি করে না।","Pealwel Mini Nylon Backpack Purse حقيبة ظهر صغيرة من النايلون بتصميم على طريقة الحقيبة، بسعة 11 لتر وأبعاد خارجية 27 × 13 × 32 سم. يحتوي التصميم على 9 حجرات منفصلة لتنظيم الهاتف والمحفظة والمفاتيح والأغراض الصغيرة الأخرى. تحقّق من تفاصيل اللون والطراز والتوافر لدى البائع؛ Jafory لا تبيع هذا المنتج."
"philips-5000-rice-cooker","Philips 5000 Series Rice Cooker","Philips 5000 Series Rice Cooker is an electric countertop appliance for cooking rice and similar grains. 5000 Series models commonly include automatic cooking cycles and a keep-warm mode, while controls, capacity and extra features vary by model and region. Verify the official or authorised seller page for current specifications and availability before using any affiliate destination.","Philips 5000 সিরিজ রাইস কুকার একটি বৈদ্যুতিক কাউন্টারটপ ডিভাইস, যা চাল ও অনুরূপ শস্য রান্নার জন্য ব্যবহৃত হয়। 5000 সিরিজের মডেলগুলিতে সাধারণত স্বয়ংক্রিয় রান্না প্রোগ্রাম ও কিপ-ওয়ার্ম ফিচার থাকে, তবে নিয়ন্ত্রণ, ধারণক্ষমতা ও অতিরিক্ত বৈশিষ্ট্য মডেল ও দেশের উপর নির্ভর করে ভিন্ন হতে পারে। অফিসিয়াল বা অনুমোদিত বিক্রেতার পেজ যাচাই করে নিন।","جهاز Philips 5000 Series Rice Cooker هو جهاز كهربائي للسطح مخصص لطهي الأرز والحبوب المشابهة. غالبًا ما تحتوي طرازات سلسلة 5000 على دورات طهي آلية ووظيفة الحفاظ على الحرارة، بينما تختلف عناصر التحكم والسعة والميزات الإضافية حسب الطراز والدولة. تحقق من صفحة البائع الرسمي أو المعتمد للاطلاع على المواصفات والتوفر الحالي قبل استخدام أي وجهة إحالة."
"philips-dual-basket-airfryer","Philips Dual Basket Airfryer","Philips Dual Basket Airfryer pairs two independent cooking baskets in a single countertop unit, so you can cook two dishes at once or separately. It uses circulating hot air to crisp food with minimal oil and is easier to clean than traditional frying. Verify the official or authorised seller page for current specs and availability before using an affiliate destination.","Philips Dual Basket Airfryer হল এক ধরণের কাউন্টারটপ যন্ত্র যেখানে দুইটি আলাদা কুকিং বাস্কেট থাকে, ফলে একই সময়ে বা আলাদাভাবে দুটি খাবার রান্না করা যায়। গরম বাতাসে রান্না করে কম তেল ব্যবহার করে খাবার ক্রিস্প করে এবং পরিষ্কার করা তুলনামূলকভাবে সহজ। অফিসিয়াল বা অথরাইজড সেলার পেজে স্পেসিফিকেশন ও উপলব্ধি যাচাই করুন।","يضم Philips Dual Basket Airfryer وحدتين قلايتين مستقلتين في جهاز واحد على سطح المطبخ، ما يسمح بطهي طبقين في نفس الوقت أو بشكل منفصل. يعتمد على دوران الهواء الساخن لقَلي الأطعمة مع قدر أقل من الزيت، ويسهّل التنظيف مقارنة بالقلي التقليدي. تحقق من الصفحة الرسمية أو البائع المعتمد للاطلاع على المواصفات والتوفر قبل استخدام أي رابط تابع."
"portable-hair-tools-travel-bag","Portable Hair Tools Travel Bag","Compact travel bag for hair tools, listed at about 12.2 × 5.31 × 5.12 inches. It’s intended to organise styling devices with internal compartments — check the number and sizes to ensure your tools fit. If packing a recently used dryer or straightener, follow any seller guidance about cooling and heat-resistant pockets. Verify exact specs and heat rules on the product page; Jafory does not sell this item.","লিস্টিংয়ে প্রায় 12.2 × 5.31 × 5.12 ইঞ্চি আকারের পোর্টেবল হেয়ার টুল ব্যাগ দেখানো আছে। ভেতরে আলাদা কম্পার্টমেন্ট থাকে—আপনার ড্রায়ার বা স্টাইলিং ডিভাইসগুলো ফিট হবে কিনা কম্পার্টমেন্টের সংখ্যা ও মাপ যাচাই করুন। গরম অবস্থায় থাকা ডিভাইস রাখলে বিক্রেতার ঠান্ডা/হিট‑সেফটি নির্দেশনা মেনে চলুন। সঠিক স্পেস এবং ব্যবহারের নির্দেশ কেনার আগে যাচাই করুন; Jafory এটি বিক্রি করে না।","حقيبة سفر مخصصة لأدوات تصفيف الشعر بأبعاد مدرجة تقارب 12.2 × 5.31 × 5.12 بوصة. تحتوي عادةً على حجرات داخلية—تحقق من عددها وأحجامها لتتأكد من ملاءمتها لأدواتك. إذا كنت ستضع جهازاً ساخناً، اتبع توجيهات البائع بشأن التبريد أو الجيوب المقاومة للحرارة. تحقّق من المواصفات وإرشادات السلامة على صفحة البائع قبل الشراء؛ Jafory لا يبيع هذا المنتج."
"queenlala-foldable-storage-basket","QUEENLALA Foldable Round Storage Basket","QUEENLALA Foldable Round Storage Basket is a collapsible container for general home organization—laundry, toys, blankets or seasonal items. The listing indicates about 19.7 inches tall and 15.7 inches diameter; the folded footprint will be smaller. Check the seller’s product page for exact open and folded dimensions, material details and care instructions. Jafory is a discovery site and does not sell this item.","QUEENLALA ফোল্ডেবল রাউন্ড স্টোরেজ বাস্কেট ঘর সাজানো ও সঞ্চয়ের জন্য ব্যবহার করা যায়—লন্ড্রি, খেলনা, কম্বল বা মরসুমি সামগ্রীর জন্য সুবিধাজনক। লিস্টিং অনুযায়ী উচ্চতা প্রায় 19.7 ইঞ্চি ও ব্যাস 15.7 ইঞ্চি; ভাঁজ করলে আয়তন ছোট হবে। সঠিক খোলা ও ভাঁজ করা মাত্রা, উপকরণ ও পরিচর্যার বিবরণ বিক্রেতার পেজ থেকে যাচাই করুন। Jafory শুধুমাত্র ডিসকভারি সাইট; পণ্য বিক্রি করে না।","سلة التخزين الدائرية القابلة للطي QUEENLALA مناسبة لتنظيم المنزل—مثل الملابس المتسخة، الألعاب، البطانيات أو الأغراض الموسمية. يذكر الإعلان ارتفاعاً يقارب 19.7 بوصة وقطراً 15.7 بوصة؛ والمساحة بعد الطي ستكون أصغر. تحقق من صفحة البائع للمقاسات الدقيقة عند الفتح والطي بالإضافة إلى تفاصيل المادة والعناية. Jafory موقع اكتشاف ولا يبيع هذا المنتج."
"ray-ban-aviator-classic","Ray-Ban Aviator Classic Sunglasses","Ray-Ban Aviator Classic Sunglasses offer the brand’s recognizable teardrop silhouette in a lightweight metal frame, with lenses designed to reduce glare and shield eyes from sunlight. Favoured as a classic aviator look, they suit everyday wear and travel. Jafory lists product details and merchant options for research only — we do not sell this item. Verify availability on the official or authorised seller page before buying.","Ray-Ban Aviator Classic Sunglasses ব্র্যান্ডের পরিচিত টিয়ারড্রপ আকৃতি উপস্থাপন করে, হালকা ওজনের ধাতব ফ্রেমে লেন্স যা ঝিলিক কমাতে এবং সূর্যের আলো থেকে চোখ আড়াল করতে ডিজাইন করা। এটি একটি ক্লাসিক অ্যাভিয়েটর স্টাইল, দৈনন্দিন ব্যবহারে ও ভ্রমণে উপযোগী। Jafory কেবল গবেষণার জন্য পণ্য ও বিক্রেতার তথ্য তালিকাভুক্ত করে — পণ্য বিক্রি করে না। ক্রয় করার আগে অফিসিয়াল বা অনুমোদিত বিক্রেতার পেজ যাচাই করুন।","نظارات Ray-Ban Aviator Classic تأتي بالشكل المميز لقطرة الماء في إطار معدني خفيف، وزجاج مصمم للحد من التوهج وحماية العينين من ضوء الشمس. تُعد مظهرًا كلاسيكيًا من طراز aviator ومناسبة للاستخدام اليومي والسفر. جافوري تعرض معلومات المنتج وخيارات البائعين لأغراض البحث فقط — لا نبيع هذا المنتج. تحقق من صفحة البائع الرسمي أو المعتمد قبل الشراء."
"rena-chris-gua-sha-face-roller-set","Rena Chris Gua Sha and Face Roller Set","Rena Chris Gua Sha and Face Roller Set is a facial self-care kit combining a gua sha tool and a face roller for at-home massage. When deciding, compare tool shapes and how they feel on your skin, the materials and cleaning instructions, and the seller’s return policy. No medical claims are implied. Jafory does not sell this item — verify seller and specs before buying.","Rena Chris Gua Sha and Face Roller Set একটি মুখের self-care কিট, যা গুয়া শা স্টোন ও ফেস রোলার দিয়ে গঠিত। পছন্দ করার আগে টুলের আকৃতি ও স্পর্শে কেমন লাগে, ব্যবহৃত উপকরণ, পরিষ্কারের নির্দেশনা এবং রিটার্ন নীতি তুলনা করুন। এটি কোনো চিকিৎসাজনিত দাবি করে না। Jafory এটি বিক্রি করে না—ক্রয় করার আগে বিক্রেতা ও স্পেসিফিকেশন যাচাই করুন।","طقم Rena Chris Gua Sha و Face Roller هو مجموعة عناية بالوجه للاستخدام المنزلي تتضمن حجر غوا شا وبكرة تدليك. عند الاختيار، قارن أشكال الأدوات وإحساسها على البشرة، نوع المواد وتعليمات التنظيف وسياسة الإرجاع لدى البائع. لا يُقصد به أي ادعاء طبي. Jafory لا تبيع هذا المنتج — تحقّق من البائع والمواصفات قبل الشراء."
"researched-anker-737-power-bank","Anker 737 Power Bank (PowerCore 24K)","Anker 737 Power Bank (PowerCore 24K) is a portable 24,000mAh battery pack offering up to 140W output across three ports and a smart display that shows charging status. Its high capacity suits charging smartphones, tablets and some laptops while traveling. Check the manufacturer's page to confirm exact specs and compatibility; Jafory is a discovery site and does not sell this product.","Anker 737 Power Bank (PowerCore 24K) হলো একটি পোর্টেবল 24,000mAh ব্যাটারি প্যাক, যা সর্বোচ্চ 140W আউটপুট, তিনটি পোর্ট এবং একটি স্মার্ট ডিসপ্লে দেয় যা চার্জিং স্ট্যাটাস দেখায়। উচ্চ ক্ষমতার এটি স্মার্টফোন, ট্যাবলেট এবং কিছু ল্যাপটপ চলার সময় চার্জ রাখতে উপযোগী। সঠিক স্পেসিফিকেশন ও সামঞ্জস্যতার için নির্মাতার পেজ যাচাই করুন; Jafory পণ্য বিক্রি করে না।","Anker 737 Power Bank (PowerCore 24K) عبارة عن بطارية محمولة بسعة 24,000mAh توفر حتى 140 واط مخرج عبر ثلاث منافذ وشاشة ذكية تعرض حالة الشحن. هذه السعة الكبيرة مناسبة لشحن الهواتف الذكية والأجهزة اللوحية وبعض الحواسيب المحمولة أثناء التنقل. راجع صفحة الشركة للتحقق من المواصفات والتوافق؛ Jafory موقع اكتشاف ولا يبيع هذا المنتج."
"researched-ariel-ultra-concentrado","Ariel Ultra Concentrado Laundry Detergent","Ariel Ultra Concentrado is a concentrated liquid laundry detergent from Ariel’s Ultra line. Its concentrated format typically means smaller doses per wash than standard liquid detergents, and it’s sold in bottle form for routine laundry use. Check the product page and retailer details for full ingredient and dosing information before buying. Jafory does not sell this product.","Ariel Ultra Concentrado হলো Ariel-এর Ultra সিরিজের একটি ঘনীভূত তরল লন্ড্রি ডিটারজেন্ট। ঘনীকৃত হওয়ার কারণে সাধারণ তরল ডিটারজেন্টের তুলনায় প্রতি ধোয়ায় কম পরিমাণ ব্যবহার হতে পারে এবং এটি বোতলজাত অবস্থায় বিক্রি হয়। কেনার আগে উপাদান, ডোজিং ও ব্যবহারের বিস্তারিত তথ্যের জন্য পণ্যের পেজ ও বিক্রেতার বিবরণ যাচাই করুন। Jafory এই পণ্যটি বিক্রি করে না।","Ariel Ultra Concentrado منظف غسيل سائل مُركّز من مجموعة Ariel Ultra. بسبب تركيزه، قد تحتاج لجرعات أقل لكل غسلة مقارنةً بالمنظفات السائلة العادية، ويُباع عادة في عبوات مناسبة للاستخدام اليومي في غسل الملابس. راجع صفحة المنتج وتفاصيل البائع للاطلاع على المكونات وتعليمات الجرعات قبل الشراء. Jafory لا تبيع هذا المنتج."
"researched-aws-ai-ml-learning","AWS AI and Machine Learning Learning Plan","An AWS learning plan that organizes training on artificial intelligence, machine learning and generative AI topics. The route presents foundational concepts, relevant AWS services and hands-on labs or guidance so learners can follow a progressive study path using AWS Training resources. Check the official AWS training page to confirm syllabus, prerequisites and current availability — Jafory does not sell this.","একটি AWS লার্নিং প্ল্যান যা কৃত্রিম বুদ্ধিমত্তা, মেশিন লার্নিং ও জেনারেটিভ AI বিষয়গুলোকে কাঠামোবদ্ধভাবে সাজায়। এতে মূল ধারণা, সংশ্লিষ্ট AWS সার্ভিস এবং অনুশীলনী ল্যাব বা নির্দেশনা থাকে, যাতে শিক্ষার্থী ক্রমান্বয়ে অধ্যয়ন করতে পারে AWS Training রিসোর্স ব্যবহার করে। সিলেবাস, পূর্বশর্ত ও গ্রহণযোগ্যতা যাচাই করতে অফিসিয়াল AWS ট্রেনিং পৃষ্ঠা দেখুন — Jafory এটি বিক্রি করে না।","خطة تعليمية من AWS منظمة لموضوعات الذكاء الاصطناعي، تعلّم الآلة والذكاء التوليدي. تعرض الخطة المفاهيم الأساسية، خدمات AWS ذات الصلة وإرشادات مع مختبرات عملية ليتبع المتعلم مسار دراسة تدريجي باستخدام موارد AWS Training. تحقق من المنهاج والمتطلبات والتوافر الحالي على صفحة AWS الرسمية — Jafory لا يبيع هذا."
"researched-azure-ai-fundamentals","Microsoft Azure AI Fundamentals","Microsoft Azure AI Fundamentals is a Microsoft Learn learning path that introduces foundational AI concepts and core Azure AI services. The path covers basic ideas in artificial intelligence, common application areas, and how Azure's AI tools are used in cloud solutions. Review the Microsoft Learn page for current module details and availability; Jafory does not sell the course.","Microsoft Azure AI Fundamentals হচ্ছে Microsoft Learn-এ থাকা একটি শেখার পথ যা কৃত্রিম বুদ্ধিমত্তার মৌলিক ধারণা এবং Azure AI সেবাগুলি পরিচয় করায়। এই পথটি AI‑র মূল ধারণা, সাধারণ প্রয়োগ ক্ষেত্র এবং ক্লাউড সমাধানে Azure‑এর AI টুলগুলোর ব্যবহার তুলে ধরে। বর্তমান মডিউল ও উপলব্ধতার জন্য Microsoft Learn পেজ যাচাই করুন; Jafory এটি বিক্রি করে না।","Microsoft Azure AI Fundamentals هو مسار تعلّم على Microsoft Learn يقدم مفاهيم أساسية في الذكاء الاصطناعي ويعرّف بخدمات AI الأساسية على Azure. يغطي المسار الأفكار الأساسية للتعلم الآلي ومجالات التطبيق الشائعة وكيف تُستخدم أدوات Azure AI ضمن حلول سحابية. راجع صفحة Microsoft Learn للاطّلاع على تفاصيل الموديولات وحالة التوفر؛ Jafory لا يبيع هذه الدورة."
"researched-belkin-boostcharge-pro-3in1","Belkin BoostCharge Pro 3-in-1 Wireless Charging Stand","Belkin BoostCharge Pro 3‑in‑1 Wireless Charging Stand is a compact dock built to charge a MagSafe‑compatible iPhone, an Apple Watch and AirPods together. The upright stand holds devices for bedside or desktop use and uses MagSafe alignment for the iPhone. Check the manufacturer’s page for exact compatibility and technical details — Jafory does not sell this product.","Belkin BoostCharge Pro 3‑in‑1 ওয়্যারলেস চার্জিং স্ট্যান্ড একটি কম জায়গা নেয় এমন ডক, যা MagSafe-সামঞ্জস্যপূর্ণ iPhone, Apple Watch এবং AirPods একসাথে চার্জ করতে তৈরি। ভাসমান স্ট্যান্ডটি বেডসাইড কিংবা ডেস্কটপে ডিভাইস স্থাপন করতে উপযোগী এবং iPhone-এর জন্য MagSafe সারিবদ্ধ করে। সঠিক সামঞ্জস্য ও বিশদ জানতে নির্মাতার পেজ পরীক্ষা করুন — Jafory এই পণ্য বিক্রি করে না।","حامل الشحن اللاسلكي ثلاثي الوظائف Belkin BoostCharge Pro مصمم ليشحن iPhone المتوافق مع MagSafe وApple Watch وAirPods معًا. التصميم القائم يثبت الأجهزة على الطاولة أو بجانب السرير ويعتمد محاذاة MagSafe لهاتف iPhone. راجع صفحة الشركة للمطابقة الدقيقة والتفاصيل التقنية — Jafory لا تبيع هذا المنتج."
"researched-cerave-hydrating-cleanser","CeraVe Hydrating Facial Cleanser","CeraVe Hydrating Facial Cleanser is a gentle daily face wash made for normal to dry skin. It removes surface impurities and light makeup while helping the skin hold onto moisture, making it suitable for everyday use. The soft texture is designed to avoid stripping natural oils. Check the retailer page for full ingredient details and availability. Jafory does not sell this product.","CeraVe হাইড্রেটিং ফেসিয়াল ক্লিনজার হলো একটি নরম দৈনিক মুখ ধোয়ার পরিষ্কারক যা সাধারণ থেকে শুষ্ক ত্বকের জন্য বানানো। এটি অতিরিক্ত ময়লা এবং হালকা মেকআপ সরাতে সাহায্য করে এবং ত্বকের আর্দ্রতা ধরে রাখতে কাজে লাগে, ফলে দৈনন্দিন ব্যবহারের জন্য উপযোগী। উপাদান ও সরবরাহের তথ্য যাচাই করতে রিটেইলারের পেজ দেখুন; Jafory এটি বিক্রি করে না।","CeraVe منظف الوجه المرطب هو غسول يومي لطيف مُخصص للبشرة العادية إلى الجافة. ينظف الشوائب السطحية ويزيل مكياجاً خفيفاً مع المساعدة في الحفاظ على رطوبة البشرة، لذا يناسب الاستخدام اليومي. الملمس اللطيف يهدف إلى عدم تجريد الزيوت الطبيعية. راجع صفحة البائع للاطلاع على المكونات وتوفر المنتج. Jafory لا يبيع هذا المنتج."
"researched-colgate-total-whitening","Colgate Total Whitening Toothpaste","Colgate Total Whitening Toothpaste is a daily-use option from Colgate’s Total range offered in a whitening variant. Designed for routine oral care, it helps clean teeth and address surface staining as part of everyday brushing. Check the product page for full ingredient, usage and availability details; Jafory does not sell this product.","Colgate Total Whitening টুথপেস্ট হল Colgate Total সিরিজের দৈনন্দিন ব্যবহারের একটি হোয়াইটেনিং ভ্যারিয়েন্ট। নিয়মিত মুখের যত্নে দাঁত পরিষ্কার রাখতে এবং পৃষ্ঠীয় দাগ কমাতে ব্যবহারের জন্য উপযুক্ত। উপাদান, ব্যবহারবিধি ও প্রাপ্যতা নিশ্চিত করতে পণ্যের পৃষ্ঠাটি দেখুন; Jafory এই পণ্য বিক্রি করে না।","معجون أسنان Colgate Total Whitening هو خيار للاستخدام اليومي من مجموعة Colgate Total بنسخة تبييض. مخصص للعناية الفموية الروتينية لتنظيف الأسنان والمساعدة في التعامل مع التصبغات السطحية كجزء من تنظيف الأسنان اليومي. راجع صفحة المنتج للتحقق من المكونات وطريقة الاستخدام والتوافر؛ Jafory لا يبيع هذا المنتج."
"researched-coursera-applied-ai","Applied AI Professional Certificate","Applied AI Professional Certificate is a structured, project-focused program introducing practical AI foundations. Aimed at learners who prefer hands-on work, it bundles guided modules, assignments and real-world-style projects to build familiarity with applied techniques and AI workflows. Check the course page to confirm syllabus, schedule, pricing and credential information; Jafory does not sell the course.","Applied AI Professional Certificate একটি গঠনমূলক, প্রকল্প-কেন্দ্রিক পাঠক্রম যা ব্যবহারিক কৃত্রিম বুদ্ধিমত্তার মূল ধারণা শেখায়। হাতে-কলমে কাজ করতে ইচ্ছুক শিক্ষার্থীদের জন্য মডিউল, অনুশীলনী ও বাস্তব-মনস্তিতির প্রজেক্ট সমন্বিত। সম্পূর্ণ পাঠক্রম, সময়সূচি, মূল্য ও সার্টিফিকেট সম্পর্কে বিস্তারিত জানতে কোর্স পেজ দেখুন; Jafory পণ্যটি বিক্রি করে না।","Applied AI Professional Certificate برنامج منظم يركّز على تعلم أساسيات الذكاء الاصطناعي التطبيقي عبر مشاريع عملية. موجه للمتعلمين الذين يفضلون العمل التطبيقي، ويضم وحدات مهيكلة، مهام عملية ومشاريع تشبه سيناريوهات العالم الحقيقي لتعزيز فهم التقنيات وتدفقات العمل. راجع صفحة الدورة للتأكد من المحتوى والجدول والأسعار ومعلومات الشهادة؛ Jafory لا يبيع المنتج."
"researched-datacamp-generative-ai-concepts","DataCamp Generative AI Concepts","DataCamp Generative AI Concepts is a practical introductory online course that explains core generative AI concepts and terminology. It introduces fundamental ideas behind generative models, common approaches and workflows, and uses hands-on examples to illustrate key terms. Check the course page for full syllabus, prerequisites, access options and pricing. Jafory does not sell the course.","DataCamp Generative AI Concepts একটি ব্যবহারিক প্রারম্ভিক অনলাইন কোর্স যা জেনারেটিভ এআই’র মূল ধারণা ও পরিভাষা ব্যাখ্যা করে। কোর্সটি জেনারেটিভ মডেলগুলোর মৌলিক ধারণা, সাধারণ পদ্ধতি ও কাজের প্রবাহ এবং ব্যবহারিক উদাহরণের মাধ্যমে মূল শব্দগুলো পরিচয় করায়। সম্পূর্ণ সিলেবাস, যোগ্যতা ও প্রবেশাধিকার যাচাই করতে কোর্স পেজ দেখুন। Jafory এটি বিক্রি করে না।","DataCamp Generative AI Concepts هي دورة عملية تمهيدية عبر الإنترنت توضّح مفاهيم ومصطلحات الذكاء الاصطناعي التوليدي الأساسية. تقدم مبادئ النماذج التوليدية والأساليب الشائعة وتدفّقات العمل، مع أمثلة تطبيقية لتوضيح المصطلحات. راجع صفحة الدورة للاطلاع على المنهج الكامل ومتطلبات الالتحاق وخيارات الوصول. موقع Jafory لا يبيع هذه الدورة."
"researched-dettol-antiseptic-liquid","Dettol Antiseptic Liquid","Dettol Antiseptic Liquid is a multipurpose antiseptic from Dettol’s first-aid and hygiene range. It's intended for household and personal hygiene tasks such as cleaning surfaces, freshening laundry, and use in hygiene routines. Check the product page for full directions, precautions and suitable uses before buying. Jafory is a discovery site and does not sell this product.","Dettol Antiseptic Liquid হল Dettol-এর ফার্স্ট-এইড ও হাইজিন রেঞ্জের একটি বহুমুখী অ্যান্টিসেপটিক তরল। এটি বাড়ি ও ব্যক্তিগত পরিচ্ছন্নতার কাজে ব্যবহারের জন্য—যেমন পৃষ্ঠপোষকতা পরিষ্কার, লন্ড্রি তাজা করা এবং দৈনন্দিন হাইজিন রুটিনে ব্যবহার। ক্রয়ের আগে ব্যবহারবিধি, সতর্কতা এবং উপযুক্ত ব্যবহার পণ্যের পেজে যাচাই করুন। Jafory এই পণ্যটি বিক্রি করে না।","Dettol Antiseptic Liquid سائل مطهر متعدد الاستخدامات من مجموعة الإسعافات الأولية والنظافة لدى ديتول. يُستخدم لأغراض منزلية وشخصية مثل تنظيف الأسطح، منعش الغسيل، وفي روتين النظافة اليومي. راجع صفحة المنتج للاطّلاع على الإرشادات والتحذيرات وطريقة الاستخدام المناسبة قبل الشراء. جافوري موقع اكتشاف ولا يبيع هذا المنتج."
"researched-dove-deeply-nourishing-body-wash","Dove Deeply Nourishing Body Wash","Dove Deeply Nourishing Body Wash is a hydrating shower cleanser from Dove’s Deeply Nourishing range. It’s made for daily use to cleanse while helping skin feel comfortable and conditioned after washing. Suitable for an everyday bathing routine. Verify ingredients, size and availability on the manufacturer’s product page; Jafory does not sell this item.","Dove Deeply Nourishing Body Wash হলো Dove-এর Deeply Nourishing সিরিজের একটি নরমায়ণ ক্ষমতাসম্পন্ন নৈমিত্তিক শরীর ধোয়ার জেল। এটি দৈনন্দিন ব্যবহারের জন্য তৈরি, ত্বক পরিষ্কার করে ধোয়ার পরে তুলনামূলকভাবে মসৃণ ও আরামদায়ক অনুভূতি দিতে সহায়তা করে। উপকরণ, আকার এবং সরবরাহের তথ্য যাচাই করতে নির্মাতার পণ্য পাতা দেখুন; Jafory এই পণ্যটি বিক্রি করে না।","Dove Deeply Nourishing Body Wash منتج منظف للاستحمام من مجموعة Dove Deeply Nourishing. صُمم للاستخدام اليومي لتنظيف البشرة مع منحها شعورًا مرطبًا ومريحًا بعد الغَسل. مناسب لروتين الاستحمام اليومي. لمزيد من التفاصيل، تحقق من المكونات، الحجم وتوفر المنتج على صفحة الشركة الصانعة؛ Jafory لا تبيع هذا المنتج."
"researched-fastai-practical-deep-learning","fast.ai Practical Deep Learning for Coders","fast.ai’s Practical Deep Learning for Coders is a project-focused course that teaches deep learning techniques to programmers through hands-on exercises and real-world projects. It emphasises code-first model building and practical application rather than purely theoretical lectures. Check the official course page for current syllabus, prerequisites, schedule and enrolment details — Jafory is a discovery platform and does not sell this course.","fast.ai-এর Practical Deep Learning for Coders একটি প্রকল্প-কম্পোজিট কোর্স যা প্রোগ্রামারদের জন্য ডীপ লার্নিং কৌশলগুলো ব্যবহারিক অনুশীলন ও বাস্তব প্রকল্পের মাধ্যমে শেখায়। এটি কোড-ফার্স্টভাবে মডেল তৈরি ও প্রয়োগে মনোনিবেশ করে, তাত্ত্বিক আলোচনা কম। সিলাবাস, পূর্বশর্ত ও ভর্তি তথ্য অফিসিয়াল কোর্স পেজে যাচাই করুন — Jafory এই কোর্স বিক্রি করে না।","Practical Deep Learning for Coders من fast.ai هي دورة مرتكزة على المشاريع تعلم تقنيات التعلم العميق للمبرمجين عبر تمارين عملية ومشروعات تطبيقية. تركز على التعلم عبر كتابة الشيفرة وبناء النماذج عملياً بدلاً من المحاضرات النظرية المكثفة. تحقق من صفحة الدورة الرسمية للاطلاع على المنهج والمتطلبات ومواعيد التسجيل — Jafory ليست بائعة لهذه الدورة."
"researched-generative-ai-for-everyone","Generative AI for Everyone","Generative AI for Everyone is an introductory online course created by DeepLearning.AI and hosted on Coursera. It covers foundational ideas behind generative AI models, practical examples and high-level considerations suitable for non-specialists. Visit the official course page to confirm syllabus, schedule and enrollment details. Jafory lists this course for discovery and does not sell it.","Generative AI for Everyone হলো একটি প্রাথমিক অনলাইন কোর্স, যা DeepLearning.AI তৈরি করেছে এবং Coursera-তে হোস্ট করা হয়েছে। কোর্সটি জেনারেটিভ এআই মডেলের মূল ধারণা, ব্যবহারিক উদাহরণ এবং অ-বিশেষজ্ঞদের জন্য উচ্চ স্তরের বিবেচনা উপস্থাপন করে। সিলেবাস, সময়সূচি ও ভর্তি শর্ত যাচাই করতে অফিসিয়াল কোর্স পেজ দেখুন। Jafory কেবল তালিকাভুক্ত করে; এটি বিক্রি করে না।","دورة Generative AI for Everyone هي دورة تمهيدية عبر الإنترنت أنشأتها DeepLearning.AI وتستضيفها منصة Coursera. تقدم مبادئ أساسية لنماذج الذكاء التوليدي، أمثلة تطبيقية ونقاط عملية بمستوى عام للمستخدمين غير المتخصصين. راجع صفحة الدورة الرسمية للتحقق من المنهج والجدول وشروط التسجيل. Jafory يدرج هذه الدورة للاكتشاف ولا يبيعها."
"researched-google-ai-essentials","Google AI Essentials","Google AI Essentials is an introductory online course that introduces practical generative AI concepts and guidance on responsible use. Aimed at beginners, it covers hands-on topics and ethical considerations so learners can get a clear foundation in how generative AI works and how to apply it thoughtfully. Check the official course page for details; Jafory is a discovery site and does not sell the course.","Google AI Essentials একটি প্রারম্ভিক-স্তরের অনলাইন কোর্স যা ব্যবহারিক জেনারেটিভ AI ধারণা এবং দায়িত্বশীল ব্যবহারের নির্দেশনাসমূহ উপস্থাপন করে। নতুনদের জন্য ডিজাইন করা এই কোর্সে হাতে-কলমে বিষয় ও নৈতিক বিবেচনা আলোচনা করা হয়, যাতে ব্যবহারকারীরা জেনারেটিভ AI কীভাবে কাজ করে তা বুঝতে পারে। বিস্তারিত জানতে অফিসিয়াল পেজ দেখুন; Jafory কেবল সন্ধান সাইট, বিক্রেতা নয়।","Google AI Essentials دورة تمهيدية عبر الإنترنت تقدم مفاهيم عملية في الذكاء الاصطناعي التوليدي وإرشادات عن الاستخدام المسؤول. موجهة للمبتدئين، تتناول موضوعات تطبيقية وجوانب أخلاقية لمساعدة المتعلمين على فهم كيفية عمل الذكاء الاصطناعي التوليدي وكيفية استخدامه بعناية. راجع الصفحة الرسمية للمزيد من التفاصيل؛ Jafory مجرد موقع اكتشاف ولا يبيع المنتج."
"researched-google-cloud-generative-ai-path","Google Cloud Generative AI Learning Path","Google Cloud Generative AI Learning Path is a structured set of online lessons on Google Cloud Skills Boost that introduces generative AI concepts and how to implement them on Google Cloud. The path addresses both theoretical foundations and practical cloud implementation topics to help learners explore applying generative models in cloud environments. Verify details on the provider page; Jafory does not sell this.","Google Cloud Generative AI Learning Path হলো Google Cloud Skills Boost-এ পাওয়া একটি ধারাবাহিক অনলাইন শেখার পথ যা জেনারেটিভ এআই ধারণা এবং সেগুলোকে Google Cloud-এ বাস্তবায়নের বিষয়গুলো তুলে ধরে। এই পাঠ্যক্রমটি তাত্ত্বিক ভিত্তি ও ক্লাউডে প্রয়োগ সম্পর্কিত বিষয় দুটোই কভার করে। বিস্তারিত যাচাই করতে প্রদানকারীর পেজ দেখুন; Jafory এটি বিক্রি করে না।","مسار التعلم Google Cloud Generative AI عبارة عن مجموعة دروس منظمة على منصة Google Cloud Skills Boost تشرح مفاهيم الذكاء الاصطناعي التوليدي وكيفية تنفيذها على سحابة Google. يغطي المسار الأسس النظرية وجوانب التطبيق السحابي لمساعدة المتعلمين في استكشاف استخدام النماذج التوليدية في بيئات السحابة. تحقق من التفاصيل على صفحة المزود؛ Jafory لا تبيع هذا المنتج."
"researched-herschel-little-america","Herschel Little America Backpack","Herschel's Little America backpack blends a mountaineering silhouette with everyday practicality. It offers a roomy main compartment and a padded sleeve for laptop storage, plus external pockets and adjustable shoulder straps for comfortable carrying. The look and layout suit commuting, travel, or daily use. Check the official product page to confirm specifications and availability — Jafory does not sell this item.","Herschel-এর Little America ব্যাকপ্যাকটি পাহাড়ি অনুপ্রেরণার নকশা থেকে অনুধাবিত করে দৈনন্দিন ব্যবহারের উপযোগী করা হয়েছে। এতে বড় মেইন কন্ডিশন ও প্যাডযুক্ত ল্যাপটপ স্লিভ আছে, পাশাপাশি বাইরের পকেট এবং সামঞ্জস্যযোগ্য কাঁধের স্ট্র্যাপ রয়েছে। বৈশিষ্ট্য, আকার ও স্টক নিশ্চিত করতে অফিসিয়াল পেজ দেখুন — Jafory এই পণ্য বিক্রি করে না।","حقيبة الظهر Herschel Little America تمزج بين طابع جبلي وتصميم مناسب للاستخدام اليومي. تحتوي على حجيرة رئيسية واسعة ومخزن مبطّن للابتوب، بالإضافة إلى جيوب خارجية وأحزمة كتف قابلة للتعديل لراحة الحمل. اطلع على صفحة المنتج الرسمية للتحقق من المواصفات والمقاسات والتوفر — Jafory لا يبيع هذا المنتج."
"researched-ibm-ai-engineering","IBM AI Engineering Professional Certificate","IBM AI Engineering Professional Certificate is a multi-course program on Coursera that covers machine learning concepts and foundational AI engineering topics across several courses. The pathway groups related coursework under a professional-certificate title offered by IBM via Coursera. Check the official course page for curriculum details, enrollment steps and any fees — Jafory is a discovery site and does not sell this program.","IBM AI Engineering Professional Certificate হলো Coursera-তে পরিচালিত একটি বহু-কোর্স প্রোগ্রাম, যা মেশিন লার্নিং ধারণা ও AI ইঞ্জিনিয়ারিং-এর মৌলিক বিষয়গুলো কয়েকটি ধারাবাহিক কোর্সে তুলে ধরে। এটি IBM-এর নামে প্রফেশনাল সার্টিফিকেট পথে সাজানো। পাঠ্যক্রম, ভর্তি শর্ত ও সম্ভাব্য ফি নিশ্চিত করতে অফিসিয়াল কোর্স পেজ দেখুন; Jafory এটি বিক্রি করে না।","شهادة IBM لمهندسي الذكاء الاصطناعي هي برنامج متعدد الدورات على Coursera يغطي مبادئ تعلّم الآلة والمفاهيم الأساسية لهندسة الذكاء الاصطناعي عبر عدة مقررات. تُقدّم المسارات تحت اسم شهادة مهنية من IBM عبر Coursera. راجع صفحة الدورة الرسمية للتفاصيل وشروط الالتحاق والرسوم؛ Jafory موقع اكتشاف ولا يبيع هذا المنتج."
"researched-ikea-365-food-container","IKEA 365+ Food Container with Lid","IKEA 365+ Food Container with Lid is a reusable food storage box for everyday meal prep and keeping leftovers. The lid seals to help reduce spills and keeps contents covered when refrigerated or packed for lunch. Its simple shape works for portioning meals and short-term storage. Check the retailer page to confirm size and material details. Jafory does not sell this product.","IKEA 365+ ঢাকনাসহ খাবারের কন্টেইনার একটি পুনঃব্যবহারযোগ্য স্টোরেজ পাত্র, দৈনন্দিন খাবার প্রস্তুতি ও অবশিষ্ট খাদ্য সংরক্ষণের জন্য। ঢাকনাটি সিল করে অনাকাঙ্ক্ষিত লিক কমাতে সাহায্য করে এবং ফ্রিজে রাখলে বা লাঞ্চে নিতে ঢেকে রাখে। মাপ ও উপকরণ যাচাই করতে বিক্রেতার পেজ দেখুন। Jafory এই পণ্য বিক্রি করে না।","حاوية الطعام IKEA 365+ مع غطاء هي عبوة قابلة لإعادة الاستخدام مخصصة لتحضير الوجبات وتخزين بقايا الطعام يومياً. يغلق الغطاء بإحكام لتقليل الانسكابات ويُبقي المحتوى مغطى في الثلاجة أو عند حمله في حقيبة الغداء. راجع صفحة التاجر للتأكد من الأحجام والمواد. Jafory لا يبيع هذا المنتج."
"researched-ikea-kallax-shelving","IKEA KALLAX Shelving Unit","IKEA KALLAX Shelving Unit is a cube-based, modular shelving system designed for organising books, storage boxes and display items. Its straightforward layout adapts to different rooms and storage needs and can be paired with a range of inserts or baskets for customised storage. Check the retailer page to confirm sizes, colours and availability — Jafory does not sell this product.","IKEA KALLAX শেলফিং ইউনিট হল কিউব-ভিত্তিক একটি মডুলার তাক, যা বই, স্টোরেজ বক্স এবং সাজসজ্জার আইটেম রাখতে উপযোগী। এর সরল ও মডুলার বিন্যাস বিভিন্ন ঘরে এবং স্টোরেজ চাহিদায় মানিয়ে নেওয়া যায় এবং বিভিন্ন ইনসার্ট বা ঝুড়ির সঙ্গে ব্যবহার করা যায়। বিস্তারিত মাপ, রঙ ও স্টক যাচাই করতে রিটেইলারের পেজ দেখুন; Jafory এটি বিক্রি করে না।","وحدة الرفوف IKEA KALLAX عبارة عن نظام رفوف مُكعّب ومودولي مناسب لتنظيم الكتب وصناديق التخزين والقطع الزخرفية. تصميمه البسيط يسمح بالتكيّف مع مساحات واحتياجات تخزين مختلفة ويمكن استخدامه مع إدخالات أو سلال متنوعة لتخصيص التخزين. تحقق من صفحة التاجر لتأكيد المقاسات والألوان والتوفر؛ Jafory لا تبيع هذا المنتج."
"researched-lrp-anthelios-uvmune","La Roche-Posay Anthelios UVMune 400 SPF50+","La Roche-Posay Anthelios UVMune 400 SPF50+ is a high-protection facial sunscreen from the Anthelios UVMune 400 range, offering SPF50+ coverage for everyday facial use. It is formulated to help shield skin from sun exposure. Review the full ingredients and directions on the official product page before buying. Jafory is a discovery site and does not sell this product.","La Roche-Posay Anthelios UVMune 400 SPF50+ হলো Anthelios UVMune 400 সিরিজের একটি উচ্চ সুরক্ষার মুখের সানস্ক্রিন, যা দৈনন্দিন মুখের ব্যবহারের জন্য SPF50+ সুরক্ষা প্রদান করে। এটি সূর্যের বিকিরণ থেকে ত্বককে রক্ষা করার উদ্দেশ্যে তৈরি। কেনার আগে অফিসিয়াল পণ্য পেজে উপাদান ও ব্যবহারের নির্দেশ পরীক্ষা করুন। Jafory একটি আবিষ্কার সাইট; আমরা এই পণ্য বিক্রি করি না।","La Roche-Posay Anthelios UVMune 400 SPF50+ واقٍ شمسي عالي الحماية للوجه من مجموعة Anthelios UVMune 400، يوفر حماية SPF50+ للاستخدام اليومي على الوجه. صُمم للمساعدة في حماية البشرة من التعرض لأشعة الشمس. راجع مكونات المنتج وتعليمات الاستعمال على الصفحة الرسمية قبل الشراء. Jafory موقع اكتشاف ولا يبيع هذا المنتج."
"researched-maybelline-sky-high","Maybelline Lash Sensational Sky High Mascara","Maybelline Lash Sensational Sky High Mascara is a washable, length-focused mascara designed to emphasize and define eyelashes. Part of Maybelline’s Lash Sensational Sky High line, it allows buildable application for a length-forward look. Check the official product page to confirm shades, full ingredients and current availability. Jafory does not sell this product.","মেয়বেলিন Lash Sensational Sky High মাসকারা একটি ওয়াশেবল, লম্বা দেখানোর দিকে লক্ষ্যভিত্তিক মাসকারা, যা পলকের দৈর্ঘ্য ও সংজ্ঞা উত্থাপন করতে তৈরি। এটি মেয়বেলিনের Lash Sensational Sky High সিরিজের অংশ এবং স্তরভিত্তিক প্রয়োগ সম্ভব করে। শেড, সম্পূর্ণ উপাদান তালিকা এবং স্টক যাচাই করতে অফিসিয়াল পণ্য পেজ দেখুন। Jafory এই পণ্য বিক্রি করে না।","مايبيلين Lash Sensational Sky High ماسكارا قابلة للغسل ومركزة على إطالة الرموش. تنتمي إلى خط Lash Sensational Sky High من مايبيلين، وتتيح تطبيقاً قابلاً للبناء للحصول على مظهر يركز على الطول. للتحقق من الظلال والمكونات وتوفر المنتج، راجع صفحة المنتج الرسمية. Jafory لا يبيع هذا المنتج."
"researched-nike-revolution-7","Nike Revolution 7","Nike Revolution 7 are everyday, running-inspired shoes designed for lightweight comfort during daily movement and basic training. Their simple, low-profile look fits walking, gym warm-ups and casual wear, making them a versatile option for routine activity. Check the official product page to confirm sizes, colours and availability; Jafory lists information only and does not sell this item.","Nike Revolution 7 হলো দৈনন্দিন ব্যবহারের জন্য উপযোগী, দৌড়-অনুপ্রেরিত জুতো যা হালকা ও আরামদায়ক অনুভূতি দিয়ে সাধারণ চলাফেরা ও হালকা প্রশিক্ষণের সময় ব্যবহার করা যায়। এর সরল, কমপ্রোফাইল ডিজাইন হাঁটা, জিম পূর্বব্যায়াম এবং দৈনন্দিন পরণে মানানসই। সাইজ, রঙ এবং স্টকের জন্য অফিসিয়াল পেজে যাচাই করুন; Jafory কেবল তথ্য দেওয়া করে, পণ্য বিক্রি করে না।","Nike Revolution 7 حذاء مستوحى من أحذية الجري اليومية، مصمم ليقدّم إحساسًا خفيفًا ومريحًا أثناء الحركة اليومية والتدريبات البسيطة. مظهره العملي والمنخفض يناسب المشي، التحضير في الصالة والارتداء اليومي، ما يجعله خيارًا متعدد الاستخدامات للنشاط الروتيني. راجع صفحة المنتج الرسمية للتحقق من المقاسات والألوان والتوفر؛ Jafory يعرض المعلومات فقط ولا يبيع المنتج."
"researched-ninja-foodi-power-blender","Ninja SS351 Foodi Power Blender & Processor System","The Ninja SS351 Foodi Power Blender & Processor System is a countertop appliance that combines blender and food-processor functions for blending, chopping and general food preparation. Designed to handle smoothies, purees, and ingredient prep, it consolidates multiple tools into one unit. For full specifications, attachments and availability consult the official product page—Jafory is a discovery site and does not sell this item.","Ninja SS351 Foodi Power Blender & Processor System হল এক ধরনের কাউন্টারটপ ডিভাইস যা ব্লেন্ডার ও ফুড প্রসেসরের কাজ একত্র করে—মিশানো, কুচানো এবং সাধারণ রান্নার উপকরণ প্রস্তুতির জন্য। স্মুদি, পিউরি ও উপাদান প্রস্তুতি সহজ করার উদ্দেশ্যে তৈরি; একটিই ইউনিটে একাধিক সরঞ্জাম নিয়ে আসে। পূর্ণ স্পেসিফিকেশন, আনুষাঙ্গিক ও স্টক যাচাই করতে অফিসিয়াল পেজ দেখুন—Jafory পণ্য বিক্রি করে না।","جهاز Ninja SS351 Foodi Power Blender & Processor System موضوع على المنضدة يجمع وظائف الخلاط ومعالج الطعام للمزج، والفرم، والتحضير العام للمكونات. يساعد في تحضير السموثي والبيوريه وتجهيز المكونات بتصميم يجمع أدوات متعددة في وحدة واحدة. راجع صفحة المنتج الرسمية للتحقق من المواصفات والملحقات والتوفر—Jafory موقع اكتشاف ولا يبيع المنتج."
"researched-nivea-sun-spf50","NIVEA Sun Protect & Moisture SPF50+","NIVEA Sun Protect & Moisture SPF50+ is a sun lotion from NIVEA’s Protect & Moisture range. It pairs high SPF50+ sun protection with a moisturizing formula designed to help keep skin hydrated during sun exposure. Check the product page for full ingredient, safety and availability information before purchase; Jafory does not sell this item.","NIVEA Sun Protect & Moisture SPF50+ হল NIVEA-এর Protect & Moisture সিরিজের একটি সান লোশন। এটি উচ্চ SPF50+ সূর্য সুরক্ষা এবং ত্বককে নরম রাখার জন্য ময়েশ্চারাইজিং ফর্মুলা একত্র করে, যাতে সূর্যের সময় ত্বকের আর্দ্রতা বজায় রাখতে সাহায্য করতে পারে। কেনার আগে উপাদান, নিরাপত্তা ও স্টক যাচাই করুন; Jafory এটি বিক্রি করে না।","NIVEA Sun Protect & Moisture SPF50+ هو لوشن شمس من مجموعة Protect & Moisture من NIVEA. يجمع بين حماية شمسية عالية SPF50+ وتركيبة مرطِّبة تهدف للمساعدة في الحفاظ على رطوبة البشرة أثناء التعرض للشمس. راجع صفحة المنتج لمعلومات المكونات والسلامة والتوفر قبل الشراء؛ Jafory لا يبيع هذا المنتج."
"researched-nvidia-dli-generative-ai","NVIDIA Deep Learning Institute Generative AI","Practical training materials from NVIDIA Deep Learning Institute focused on generative AI and core deep learning concepts. The offering includes hands-on labs and instructional content designed to build practical familiarity with model development and workflows in this domain. Check the official NVIDIA training page for course formats, schedules, and enrolment details — Jafory does not sell or host these courses.","NVIDIA Deep Learning Institute-এর জেনারেটিভ এআই ও ডীপ লার্নিং‑কেন্দ্রিক ব্যবহারিক প্রশিক্ষণ উপকরণ। প্রস্তাবটিতে হাতে‑কলমে ল্যাব ও শিক্ষামূলক কনটেন্ট রয়েছে, যা মডেল নির্মাণ ও কর্মপ্রবাহ সম্পর্কিত বাস্তব অভিজ্ঞতা অর্জনে সহায়ক। কোর্স ফরম্যাট, সময় ও নিবন্ধনের তথ্য অফিসিয়াল NVIDIA ট্রেনিং পেজে যাচাই করুন — Jafory এই কোর্স বিক্রি করে না।","مواد تدريبية تطبيقية من NVIDIA Deep Learning Institute تركز على الذكاء الاصطناعي التوليدي ومفاهيم التعلم العميق الأساسية. يشمل العرض مختبرات عملية ومحتوى تعليمي مصمم لبناء خبرة عملية في تطوير النماذج وسير العمل في هذا المجال. راجع صفحة التدريب الرسمية لدى NVIDIA للاطلاع على صيغ الدورات والمواعيد وطرق التسجيل — Jafory لا يبيع هذه الدورات."
"researched-ordinary-niacinamide-zinc","The Ordinary Niacinamide 10% + Zinc 1%","The Ordinary Niacinamide 10% + Zinc 1% is a water-based facial serum combining 10% niacinamide and 1% zinc. It has a lightweight texture and is positioned for inclusion in routines for oily or blemish‑prone skin. Apply a few drops to clean skin before moisturiser and follow product directions. Verify full ingredients, directions and availability on the retailer page — Jafory does not sell this product.","দ্য অর্ডিনারি Niacinamide 10% + Zinc 1% একটি জলভিত্তিক ফেসিয়াল সিরাম, এতে 10% নাইয়াসিনামাইড ও 1% জিঙ্ক রয়েছে। হালকা উষ্ণতার টেক্সচারের এই সিরাম তেলীয় বা দাগ‑প্রবণ ত্বকের রুটিনে ব্যবহারের জন্য উপস্থাপিত। পরবর্তী ময়েশ্চারাইজারের আগে পরিষ্কার ত্বকে কয়েক ফোঁটা ব্যবহার করুন। উপাদান, ব্যবহারবিধি ও প্রাপ্যতা যাচাই করতে রিটেইলারের পৃষ্ঠা দেখুন — Jafory পণ্য বিক্রি করে না।","ذا أورديناري Niacinamide 10% + Zinc 1% سيروم مائي للوجه يحتوي على 10% نياسيناميد و1% زنك. ملمسه خفيف ومصمم للإدماج ضمن روتين للبشرة الدهنية والمعرضة للعيوب. ضع بضع قطرات على بشرة نظيفة قبل المرطب واتبع تعليمات المنتج. تحقق من قائمة المكونات وطريقة الاستخدام والتوفر في صفحة البائع — Jafory لا تبيع هذا المنتج."
"researched-philips-5000-rice-cooker","Philips 5000 Series Digital Rice Cooker","The Philips 5000 Series Digital Rice Cooker is a countertop appliance with electronic controls for cooking rice. As a digital model, it offers the kind of programmable settings found on modern cookers — for example preset cooking modes, timer and keep‑warm functions — to simplify meal preparation. Check Philips’ official site or retailers for full specs and availability; Jafory is a discovery service, not a seller.","Philips 5000 সিরিজের ডিজিটাল রাইস কুকার একটি কাউন্টারটপ যন্ত্র যা ইলেকট্রনিক নিয়ন্ত্রণে ভাত সিদ্ধ করে। ডিজিটাল মডেল হওয়ায় এতে সাধারণত প্রিসেট মোড, টাইমার এবং কিপ‑ওয়ার্মের মতো প্রোগ্রামেবল সেটিংস থাকে যা রান্না সহজ করে। পূর্ণ স্পেসিফিকেশন ও উপলভ্যতার জন্য ফিলিপস বা বিক্রেতার সাইট যাচাই করুন; Jafory পণ্য বিক্রি করে না।","طباخ أرز رقمي من سلسلة Philips 5000، جهاز سطح مطبخ يعمل بضوابط إلكترونية لتحضير الأرز. كنموذج رقمي، يتضمن عادة إعدادات قابلة للبرمجة مثل أوضاع طهي مُعدة مسبقًا ومؤقت ووظيفة إبقاء الطعام دافئًا لتسهيل التحضير اليومي. راجع المواصفات التفصيلية والتوافر على موقع فيليبس الرسمي أو لدى البائعين؛ Jafory موقع اكتشاف وليس بائعًا."
"researched-philips-dual-basket-airfryer","Philips 3000 Series Dual Basket Airfryer NA351/00","Philips 3000 Series Dual Basket Airfryer NA351/00 is a kitchen appliance with two separate cooking baskets, letting you prepare two different foods at the same time without mixing cooking zones. It cooks by circulating hot air to crisp and brown food. For full specifications and availability, check the official Philips product page — Jafory does not sell this item.","Philips 3000 সিরিজ ডুয়াল বাস্কেট এয়ারফ্রায়ার NA351/00 একটি রান্নাঘরের যন্ত্র যা দুটি আলাদা কুকিং বাস্কেট দেয়, ফলে দুটি ভিন্ন খাবার একই সময়ে আলাদা কুকিং জোনে প্রস্তুত করা যায়। এটি গরম হাওয়া সার্কুলেশন ব্যবহার করে খাবারকে খাস্তা ও হালকা ভাজা ধরনের ফিনিশ দেয়। বিস্তারিত স্পেস এবং পাওয়া যায় কিনা তা অফিসিয়াল Philips পেজে যাচাই করুন — Jafory এই পণ্য বিক্রি করে না।","جهاز Philips 3000 Series Dual Basket Airfryer NA351/00 هو جهاز مطبخي مزود بسلّتين طبخ منفصلتين، ما يتيح تحضير نوعين مختلفين من الطعام في وقت واحد دون خلط مناطق الطهي. يعمل عبر دوران الهواء الساخن لجعل الطعام مقرمشًا ومحمّرًا. راجع صفحة Philips الرسمية للمواصفات والتوفر — Jafory لا يبيع هذا المنتج."
"researched-philips-oneblade-360","Philips Norelco OneBlade 360","The Philips Norelco OneBlade 360 is a hybrid grooming tool for trimming, edging and shaving facial and body hair. Built around the OneBlade approach, it’s intended to handle precise edging, stubble upkeep and close shaving in a single device. Verify official specifications and retailer listings before buying — Jafory does not sell this product.","Philips Norelco OneBlade 360 একটি হাইব্রিড গ্রুমিং ডিভাইস, যা চেহারা ও শরীরের লোম ছাঁটানো, প্রান্ত তৈরি করা এবং নিকটভাবে শেভ করার জন্য তৈরি। OneBlade ধারণার ওপর নির্মিত এটি সূক্ষ্ম এজিং, স্টাবল রক্ষণাবেক্ষণ ও ঘন ঘন কাটার কাজ এক ডিভাইসে করার উদ্দেশ্যে। ক্রয়ের আগে অফিসিয়াল স্পেস ও বিক্রেতার বিবরণ যাচাই করুন; Jafory এটি বিক্রি করে না।","جهاز Philips Norelco OneBlade 360 هو جهاز حلاقة هجين مخصص لتشذيب، تحديد وحلاقة شعر الوجه والجسم. مبني على مفهوم OneBlade، يهدف إلى تنفيذ تحديد دقيق، صيانة الطرّاش أو الحلاقة القريبة باستخدام جهاز واحد. تحقق من المواصفات الرسمية وقوائم البائع قبل الشراء — Jafory لا يبيع هذا المنتج."
"researched-samsonite-c-lite-spinner","Samsonite C-Lite Large Spinner","The Samsonite C-Lite Large Spinner is a lightweight hard-shell suitcase built for frequent travel. Its spinner-wheel design improves manoeuvrability, and the interior is arranged to support organised packing for longer trips. Check the retailer page for exact dimensions, materials, colour options and current availability — Jafory provides product information but does not sell this item.","Samsonite C-Lite Large Spinner একটি হালকা ওজনের হার্ড-শেল স্যুটকেস, যা ঘন ভ্রমণের জন্য তৈরি। স্পিনার-চক্কা ডিজাইন ম্যানুভার সহজ করে এবং অভ্যন্তরীণ বিন্যাসটি দীর্ঘ ভ্রমণের জন্য সংগঠিত প্যাকিংকে সমর্থন করে। নির্দিষ্ট মাত্রা, উপাদান, রঙ ও স্টক যাচাই করতে খুচরা বিক্রেতার পৃষ্ঠা দেখুন — Jafory এই পণ্য বিক্রি করে না।","Samsonite C-Lite Large Spinner حقيبة سفر صلبة وخفيفة مصممة للمسافرين المتكررین. يوفر تصميم العجلات الدوّارة سهولة في المناورة، والتنظيم الداخلي يساعد على ترتيب الأمتعة لرحلات أطول. راجع صفحة البائع لمعرفة الأبعاد الدقيقة والمواد وخيارات الألوان والتوفّر الحالي — Jafory يعرض معلومات عن المنتج لكنه لا يبيعها."
"researched-samsung-galaxy-a56-5g","Samsung Galaxy A56 5G","The Samsung Galaxy A56 5G is a 5G-capable smartphone with a 6.7-inch FHD+ Super AMOLED display, a 50MP camera system and a 5,000mAh battery. Samsung lists the model with ongoing software support. Check the official Samsung product page to confirm current specifications, price and availability — Jafory only lists the product and does not sell it.","Samsung Galaxy A56 5G একটি 5G সক্ষম স্মার্টফোন যার 6.7 ইঞ্চি FHD+ Super AMOLED ডিসপ্লে, 50MP ক্যামেরা সিস্টেম এবং 5,000mAh ব্যাটারি আছে। স্যামসাং মডেলটির জন্য দীর্ঘমেয়াদী সফটওয়্যার আপডেট উল্লেখ করেছে। সঠিক স্পেসিফিকেশন, দাম এবং প্রাপ্যতা যাচাই করতে অফিসিয়াল স্যামসাং পেজ দেখুন — Jafory এই পণ্য বিক্রি করে না।","جهاز Samsung Galaxy A56 5G هاتف ذكي يدعم شبكات 5G، مزود بشاشة Super AMOLED بحجم 6.7 بوصة بدقة FHD+، ونظام كاميرا بدقة 50 ميجابكسل وبطارية سعة 5,000mAh. تذكر سامسونج توفر تحديثات برامج طويلة الأمد للطراز. تحقق من صفحة سامسونج الرسمية لتأكيد المواصفات والسعر والتوافر — Jafory يعرض المنتج ولا يبيعه."
"researched-samsung-galaxy-buds3-pro","Samsung Galaxy Buds3 Pro","Samsung Galaxy Buds3 Pro are in-ear, fully wireless headphones designed with a new ergonomic fit. They offer adjustable noise control and integrate with Samsung's Galaxy ecosystem for seamless device pairing and feature sharing. Suited for everyday listening and calls, check the official Samsung page to confirm full specifications, compatibility and availability. Jafory does not sell this product.","Samsung Galaxy Buds3 Pro হলো ইন-ইয়ার পুরোপুরি বেতার হেডফোন, নতুন আরগোনমিক ফিটে ডিজাইন করা। এগুলোতে সমন্বয়যোগ্য শব্দ নিয়ন্ত্রণ রয়েছে এবং Galaxy ইকোসিস্টেমের সঙ্গে সংযোগ ও ফিচার শেয়ারের সুবিধা দেয়। দৈনন্দিন শোনা ও কল ব্যবহারের জন্য উপযোগী — স্পেসিফিকেশন, সামঞ্জস্য ও স্টক যাচাই করতে অফিসিয়াল পেজ দেখুন। Jafory এটি বিক্রি করে না।","سماعات Samsung Galaxy Buds3 Pro هي سماعات داخل الأذن تماماً وبلا أسلاك، مصممة بتناسب جديد ومريح. توفر تحكماً بمستوى الضوضاء وتتصل بسلاسة مع نظام Galaxy لمشاركة الميزات والاقتران بالأجهزة. مناسبة للاستماع اليومي والمكالمات. راجع صفحة سامسونج الرسمية للتأكد من المواصفات والتوافق والتوفر. Jafory لا تبيع هذا المنتج."
"researched-tumi-alpha-3-carry-on","TUMI Alpha 3 International Expandable Carry-On","From TUMI’s Alpha 3 travel line, the International Expandable Carry-On is a structured, four-wheel suitcase with an expandable design for extra packing space. Intended for travelers, it blends a supportive shell with smooth mobility for airport use. Confirm specific dimensions, features and availability on the retailer page before buying — Jafory is a discovery site and does not sell this product.","TUMI-এর Alpha 3 ট্র্যাভেল লাইনের International Expandable Carry-On একটি স্ট্রাকচারড, চার চাকার এক্সপ্যান্ডেবল স্যুটকেস যা অতিরিক্ত প্যাকিং স্পেস যোগ করার সুবিধা রাখে। ভ্রমণের জন্য উপযোগী এই ব্যাগটি স্থিতিশীল কাঠামো ও সহজ গতিশীলতা প্রদান করে। নির্দিষ্ট মাপ, বৈশিষ্ট্য ও স্টক যাচাই করতে রিটেলার পেজ চেক করুন — Jafory এটি বিক্রি করে না।","تنتمي حقيبة اليد TUMI Alpha 3 International Expandable Carry-On إلى مجموعة Alpha 3 للسفر؛ هي حقيبة منظمة بأربع عجلات وقابلة للتوسيع لإتاحة مساحة تعبئة إضافية. مصممة للاستخدام أثناء السفر، تجمع بين جسم داعم وحركة سلسة داخل المطارات. تحقق من الأبعاد والميزات والتوافر على صفحة البائع قبل الشراء — Jafory موقع اكتشاف ولا يبيع المنتج."
"researched-ugreen-nexode-air-65w","UGREEN Nexode Air 65W USB-C Charger","UGREEN Nexode Air 65W is a compact GaN USB-C wall charger for phones, tablets and laptops that accept USB-C input. Its small footprint helps save outlet space while delivering up to 65W from a single USB-C port. Check the retailer page to confirm device compatibility, supported power delivery and availability; Jafory does not sell this product.","UGREEN Nexode Air 65W একটি কমপ্যাক্ট GaN USB-C ওয়াল চার্জার, যা ফোন, ট্যাবলেট এবং USB-C ইনপুট সমর্থনকারী ল্যাপটপগুলো চার্জ করার জন্য তৈরি। ছোট আকারের কারণে প্লাগ স্পেস বাঁচায় এবং একক USB-C পোর্ট থেকে সর্বোচ্চ 65W পর্যন্ত সরবরাহ করতে পারে। সামঞ্জস্যতা ও উপলব্ধতা যাচাই করতে বিক্রেতার পৃষ্ঠা দেখুন; Jafory এই পণ্য বিক্রি করে না।","UGREEN Nexode Air 65W شاحن USB-C صغير الحجم بتقنية GaN، مخصص لشحن الهواتف والأجهزة اللوحية وأجهزة الكمبيوتر المحمولة التي تقبل مدخل USB-C. تصميمه المضغوط يوفر مساحة بالمقابس ويقدّم حتى 65 واط من منفذ USB-C واحد. تحقّق من صفحة البائع لمطابقة الأجهزة والمواصفات وتوافر المنتج؛ Jafory لا يبيع هذا المنتج."
"researched-uniqlo-round-mini-shoulder","UNIQLO Round Mini Shoulder Bag","The UNIQLO Round Mini Shoulder Bag is a compact, circular shoulder pouch made for carrying everyday essentials. Its treated outer fabric helps repel light moisture to keep items drier while you’re out. The small profile reduces bulk and gives quick access through the top opening, making it handy for a phone, wallet and keys. Verify size, color and availability on the product page — Jafory does not sell this item.","UNIQLO রাউন্ড মিনি শোল্ডার ব্যাগ একটি কমপ্যাক্ট, গোলাকার কাঁধের ঝুড়ি যা দৈনন্দিন প্রয়োজনীয় সামগ্রী বহনের জন্য ডিজাইন করা। বাইরের পদার্থটি হালকা আর্দ্রতা প্রতিহত করতে সহায়তা করে, ফলে চলাফেরায় জিনিসগুলো তুলনামূলকভাবে বেশি শুকনো থাকে। ছোট প্রোফাইল ভলিউম কম রাখে এবং উপরের খোলার মাধ্যমে দ্রুত 접근 দেয়। আকার, রং ও স্টক যাচাই করতে পণ্যের পেজ দেখুন — Jafory এই পণ্য বিক্রি করে না।","حقيبة الكتف الدائرية الصغيرة من UNIQLO حقيبة مدمجة مصممة لحمل مستلزماتك اليومية. السطح الخارجي مُعالج ليقاوم الرطوبة الخفيفة، مما يساعد على حماية المحتويات أثناء التنقّل. تصميمها الصغير يقلّل الضخامة ويوفّر وصولاً سريعًا من الفتحة العلوية، مناسب للهاتف والمحفظة والمفاتيح. تحقّق من الحجم واللون والتوافر على صفحة المنتج — Jafory لا تبيع هذا المنتج."
"samsung-galaxy-tab-s10-fe","Samsung Galaxy Tab S10 FE","The Samsung Galaxy Tab S10 FE is a tablet in Samsung’s Galaxy Tab range. This page provides a basic product listing and notes that specifications, price, and seller availability can vary between countries and over time. Always check the manufacturer’s or an authorised seller’s official product page for the most current details before using any affiliate link or making a purchase.","Samsung Galaxy Tab S10 FE হলো Samsung-এর Galaxy Tab সিরিজের একটি ট্যাবলেট। এই তালিকাটি পণ্যের পরিচয় ও উপলব্ধতার প্রাথমিক তথ্য দেয়, তবে স্পেসিফিকেশন, মূল্য ও বিক্রেতার প্রাপ্যতা দেশভেদে এবং সময়ের সঙ্গে পরিবর্তিত হতে পারে। যে কোনো অ্যাফিলিয়েট লিংক ব্যবহার বা কেনার আগে নির্মাতা বা অথরাইজড বিক্রেতার অফিসিয়াল পেজ যাচাই করুন।","جهاز Samsung Galaxy Tab S10 FE هو تابلت من سلسلة Galaxy Tab لدى سامسونج. تقدم هذه الصفحة سرداً أساسياً عن المنتج مع ملاحظة أن المواصفات والسعر وتوفر البائع قد تختلف باختلاف الدولة ومع مرور الوقت. قبل استخدام أي رابط تابع أو إتمام الشراء، تأكد من صفحة المنتج الرسمية للشركة أو صفحة بائع معتمد."
"samsung-galaxy-watch-8","Samsung Galaxy Watch 8","Samsung Galaxy Watch 8 is a wearable smartwatch from Samsung’s Galaxy Watch lineup. It pairs with compatible smartphones to show notifications, control media, run apps and monitor activity using built-in sensors. Check official or authorised seller pages for current specifications, pricing and availability. Jafory lists this product for research and does not sell it — verify the seller page before using any affiliate destination.","Samsung Galaxy Watch 8 হলো Samsung-এর Galaxy Watch সিরিজের একটি স্মার্টওয়াচ। এটি সামঞ্জস্যপূর্ণ স্মার্টফোনের সঙ্গে যুক্ত হয়ে নোটিফিকেশন দেখায়, মিডিয়া নিয়ন্ত্রণ করে, অ্যাপ চালায় এবং অন্তর্নির্মিত সেন্সর দিয়ে অ্যাক্টিভিটি পর্যবেক্ষণ করে। সঠিক স্পেস, দাম ও সরবরাহ জানতে অফিসিয়াল বা অনুমোদিত বিক্রেতার পেজ যাচাই করুন। জাফরি কেবল রিসার্চ লিস্টিং করে; পণ্য বিক্রি করে না।","ساعة Samsung Galaxy Watch 8 هي ساعة ذكية من سلسلة Galaxy Watch لشركة Samsung. تتصل بالهواتف الذكية المتوافقة لعرض الإشعارات، والتحكم بالموسيقى، وتشغيل التطبيقات، ومتابعة النشاط عبر حسّاسات مدمجة. تحقق من صفحة البائع الرسمي أو المعتمد للحصول على المواصفات الدقيقة والسعر والتوافر. جافوري تدرج المنتج لأغراض البحث ولا تبيعه — يرجى التحقق قبل استخدام رابط الإحالة."
"sony-wh-1000xm5","Sony WH-1000XM5 Wireless Headphones","Jafory guide for the Sony WH-1000XM5 Wireless Headphones. This entry provides a concise overview and links to merchants; specifications, price and stock may vary by country and seller. Before using any affiliate destination or completing a purchase, confirm current details on the official Sony product page or an authorised seller in your region. Jafory does not sell this product.","Jafory-এর রিসার্চ লিস্টিং: Sony WH-1000XM5 Wireless Headphones। এই এন্ট্রি সংক্ষিপ্ত বিবরণ ও বিক্রেতার লিঙ্ক প্রদান করে; স্পেসিফিকেশন, দাম ও স্টক দেশ ও বিক্রেতা অনুযায়ী ভিন্ন হতে পারে। কোনো অ্যাফিলিয়েট লিংক ব্যবহার বা ক্রয় করার আগে আপনার অঞ্চলের অফিসিয়াল পণ্য পৃষ্ঠা বা অনুমোদিত বিক্রেতার কাছ থেকে বর্তমান তথ্য যাচাই করুন। Jafory এটি বিক্রি করে না।","دليل من Jafory لمنتج Sony WH-1000XM5 Wireless Headphones. توفر هذه الصفحة ملخصًا وروابط إلى البائعين؛ المواصفات والسعر والتوفر قد تختلف حسب البلد والبائع. قبل اتباع أي رابط إحالة أو إتمام عملية شراء، تحقق من التفاصيل الحالية عبر الصفحة الرسمية لشركة Sony أو بائع معتمد في منطقتك. Jafory لا يبيع هذا المنتج."
"strmax-acrylic-display-case","STRMAX Acrylic Display Case","STRMAX Acrylic Display Case is a clear acrylic cover for showcasing and protecting collectibles, models or merchandise. Several size options are offered; measure your item carefully and allow extra clearance when choosing dimensions to ensure a good fit. Verify exact measurements and stock on the retailer’s page—Jafory is a discovery site and does not sell this product.","STRMAX অ্যাক্রিলিক ডিসপ্লে কেস একটি স্বচ্ছ অ্যাক্রিলিক কভার যা সংগ্রহযোগ্য আইটেম, মডেল বা পণ্য প্রদর্শন ও সংরক্ষণের জন্য উপযোগী। বিভিন্ন মাপের বিকল্প আছে; আপনার আইটেমটি ঠিকমতো মাপুন এবং উপযুক্ত ফিট নিশ্চিত করতে অতিরিক্ত ফাঁক রাখুন। সঠিক মাত্রা ও স্টক যাচাই করতে বিক্রেতার বিবরণ দেখুন—Jafory এটি বিক্রি করে না।","حافظة عرض أكريليك STRMAX عبارة عن غطاء أكريليك شفاف لعرض وحماية المقتنيات أو النماذج أو البضائع. تتوفر عدة أحجام؛ قِس غرضك بدقة واترك هامشًا إضافيًّا عند اختيار المقاس لضمان ملاءمة مناسبة. تحقق من مقاسات المنتج وتوفره عبر صفحة البائع—Jafory موقع اكتشاف ولا يبيع هذا المنتج."
"tichondrius-16a-wifi-smart-plug-4-pack","Tichondrius 16A WiFi Smart Plug (4 Pack)","Tichondrius 16A WiFi Smart Plug (4 Pack) includes four Wi‑Fi–enabled plugs, each rated up to 16A, for remote on/off control and scheduling via a companion app. Suited for automating lamps, fans and other small appliances using network-based timers. Confirm appliance load, UAE socket compatibility and Wi‑Fi setup before use. Jafory is a discovery site and does not sell this product.","Tichondrius 16A WiFi স্মার্ট প্লাগ (4 প্যাক) চারটি Wi‑Fi সক্রিয় প্লাগ সরবরাহ করে, প্রতিটি সর্বোচ্চ 16A পর্যন্ত রেটেড; অ্যাপের মাধ্যমে রিমোট অন/অফ এবং শিডিউল সুবিধা দেয়। ল্যাম্প, ফ্যান ও ছোট যন্ত্রপাতি অটোমেশনের জন্য উপযোগী এবং নেটওয়ার্ক-ভিত্তিক টাইমার সমর্থন করে। ব্যবহারের আগে appliance load, UAE সকেট সামঞ্জস্য ও Wi‑Fi সেটআপ যাচাই করুন। Jafory কেবল ডিসকভারি সাইট—পণ্য বিক্রি করে না।","Tichondrius 16A WiFi Smart Plug (طقم 4) يتضمن أربع مقابس ذكية تعمل عبر Wi‑Fi، مصنفة حتى 16A لكل وحدة، وتوفر التشغيل/الإيقاف عن بُعد والجدولة عبر تطبيق مصاحب. مناسبة لأتمتة المصابيح والمراوح والأجهزة الصغيرة باستخدام مؤقتات الشبكة. تحقق من حمل الجهاز وتوافق مقبس الإمارات وإعداد شبكة Wi‑Fi قبل الاستخدام. Jafory منصة للاكتشاف ولا تبيع هذا المنتج."
"tide-hygienic-clean","Tide Hygienic Clean Liquid Detergent","Tide Hygienic Clean Liquid Detergent is a liquid laundry detergent from Tide for everyday clothes cleaning and stain removal. Suitable for machine or hand washing when used according to label directions, it’s presented here as a household laundry product for discovery. Jafory does not sell this item; confirm current product details and the manufacturer or authorised seller page before using any affiliate link.","Tide Hygienic Clean Liquid Detergent হলো Tide ব্র্যান্ডের তরল লন্ড্রি ডিটারজেন্ট, যা দৈনন্দিন কাপড় পরিস্কার ও দাগ দূর করার কাজে ব্যবহৃত হয়। মেশিন ও হাতে ধোয়ার নির্দেশিকা লেবেল অনুযায়ী অনুসরণ করুন। Jafory কেবল পণ্য তালিকা প্রদর্শন করে এবং এটি বিক্রি করে না; affiliate লিঙ্ক ব্যবহারের আগে প্রস্তুতকারক বা অনুমোদিত বিক্রেতার পেজ যাচাই করুন।","Tide Hygienic Clean Liquid Detergent هو منظف سائل للغسيل من علامة Tide مخصّص لتنظيف الملابس وإزالة البقع اليومية. مناسب للغسل باليد أو في الغسالة وفق تعليمات الملصق، ويُعرض هنا كخيار للاطلاع فقط. جافوري لا يبيع هذا المنتج؛ تأكد من تفاصيل المنتج وصفحة الشركة المصنعة أو البائع المعتمد قبل اتباع أي رابط تابع."
"tp-link-archer-ax55","TP-Link Archer AX55 Wi-Fi Router","The TP‑Link Archer AX55 is a Wi‑Fi router built on the AX (Wi‑Fi 6) standard, designed for home and small‑office networks. It aims to provide more reliable wireless connections and improved handling of multiple devices compared with older Wi‑Fi generations. Product specifications and availability vary by country; check the official or authorised seller page before using any affiliate link.","TP‑Link Archer AX55 হলো AX (Wi‑Fi 6) স্ট্যান্ডার্ডে নির্মিত একটি Wi‑Fi রাউটার, যা বাড়ি ও ছোট অফিসের নেটওয়ার্কের জন্য উপযোগী। এটি আগের Wi‑Fi প্রজন্মের তুলনায় নির্ভরযোগ্য ওয়্যারলেস সংযোগ ও একাধিক ডিভাইস পরিচালনায় উন্নতি লক্ষ্য করে। পণ্যের স্পেসিফিকেশন ও দেশভেদে উপলব্ধতা পরিবর্তিত হতে পারে; কোনো অ্যাফিলিয়েট লিংক ব্যবহারের আগে অফিসিয়াল বা অনুমোদিত বিক্রেতা পেজ যাচাই করুন।","جهاز TP‑Link Archer AX55 هو راوتر واي‑فاي مبني على معيار AX (Wi‑Fi 6)، مخصّص لشبكات المنازل والمكاتب الصغيرة. يهدف لتوفير اتصالات لاسلكية أكثر ثباتًا وقدرة أفضل على التعامل مع عدة أجهزة مقارنةً بإصدارات الواي‑فاي الأقدم. قد تتغير مواصفات المنتج وتوفّره حسب الدولة؛ تحقق من صفحة البائع الرسمي أو المعتمد قبل استخدام أي رابط إحالة."
"travel-cosmetic-organizer-pouch","Travel Cosmetic Organizer Pouch","Travel Cosmetic Organizer Pouch made from cotton, sized about 9.84 × 2.76 × 11.42 inches. Suitable for holding makeup and small toiletries while travelling—check how the top opens and the internal packing layout to make sure it fits your needs. Confirm exact materials, dimensions and compartment arrangement with the seller. Jafory does not sell this product.","Travel Cosmetic Organizer Pouchটি কটন দিয়ে তৈরি, মাপ প্রায় 9.84 × 2.76 × 11.42 ইঞ্চি। ভ্রমণে মেকআপ ও ছোট টয়লেট্রিজ রাখার জন্য উপযোগী—পণ্যের উপরের খোলার পদ্ধতি ও ভেতরের প্যাকিং লে-আউট দেখে নিন যাতে প্রয়োজন মেটায়। সঠিক উপকরণ, মাত্রা ও সেগমেন্ট বিন্যাস বিক্রেতার কাছ থেকে যাচাই করুন। Jafory এটি বিক্রি করে না।","حقيبة تنظيم مستحضرات السفر مصنوعة من القطن تقريباً، بأبعاد حوالي 9.84 × 2.76 × 11.42 بوصة. مناسبة لتخزين الماكياج والأغراض الصغيرة أثناء السفر؛ تحقق من طريقة فتح الحقيبة وتصميم التجويف الداخلي لتتأكد من مطابقتها لاحتياجاتك. راجع البائع للمعلومات الدقيقة حول الخامة والأبعاد وترتيب الأقسام. موقع Jafory لا يبيع هذا المنتج."
"ugreen-nexode-65w-3-port-gan-charger","UGREEN Nexode 65W 3-Port GaN Charger","UGREEN Nexode 65W 3-Port GaN Charger — confirm each device’s power requirement and that your USB cables support the needed wattage. When multiple devices are plugged in, the charger's 65W output is shared across ports, so charge speed per device can vary. Use suitable cables and check device specs. Verify full specifications on the seller’s listing; Jafory only helps you discover products.","UGREEN Nexode 65W 3‑Port GaN চার্জার — প্রতিটি ডিভাইসের বিদ্যুৎপ্রয়োজন এবং আপনার USB কেবলের ক্ষমতা যাচাই করুন। একাধিক ডিভাইস সংযুক্ত হলে মোট 65W আউটপুট পোর্টগুলোর মধ্যে ভাগ হয়ে যায়, ফলে প্রতিটি ডিভাইসের চার্জিং গতি ভিন্ন হতে পারে। উপযুক্ত কেবল ব্যবহার করুন এবং বিক্রেতার তালিকায় স্পেসিফিকেশন দেখুন; Jafory কেবল প্রোডাক্ট খোঁজার সাইট।","شاحن UGREEN Nexode 65W بثلاثة منافذ (GaN) — تأكد من حاجة كل جهاز للطاقة ومن أن كابلات USB لديك تدعم القدرة المطلوبة. عند توصيل عدة أجهزة، يتم توزيع إجمالي 65W على المنافذ، وقد يختلف معدل الشحن لكل جهاز. استخدم كابلات مناسبة وتحقق من مواصفات الأجهزة في صفحة البائع؛ Jafory مجرد موقع لاكتشاف المنتجات وليس بائعًا."
"uniqlo-round-mini-shoulder","Uniqlo Round Mini Shoulder Bag","The Uniqlo Round Mini Shoulder Bag is a compact, circular shoulder bag for carrying everyday essentials hands-free. Its simple silhouette fits casual wear and travel. Product details, sizing and stock can vary by country; check the brand’s official or authorised seller page for current specifications and availability. Jafory lists the item for discovery and does not sell it.","Uniqlo Round Mini Shoulder Bag একটি কম্প্যাক্ট, গোলাকার শোল্ডার ব্যাগ যা দৈনন্দিন প্রয়োজনীয় জিনিসপত্র হাতে না নিয়ে বহন করার জন্য ডিজাইন করা। সরল নকশা নিত্য-প্রয়োজন או ভ্রমণের জন্য সুবিধাজনক। পণ্যের বিশদ, মাপ ও স্টক দেশভেদে ভিন্ন হতে পারে; বর্তমান তথ্য জানতে অফিসিয়াল বা অনুমোদিত বিক্রেতার পৃষ্ঠা যাচাই করুন। Jafory এটি বিক্রি করে না।","حقيبة Uniqlo Round Mini Shoulder Bag هي حقيبة كتف دائرية ومضغوطة مصممة لحمل متطلباتك اليومية بطريقة يدوية-حُرّة. تصميمها البسيط يناسب الاستخدام اليومي والسفر. قد تختلف مواصفات المنتج والحجم والتوافر بحسب البلد؛ تحقق من صفحة العلامة التجارية الرسمية أو البائع المعتمد للمعلومات الحالية. جافوري تدرج المنتج لأغراض الاكتشاف ولا تبيعه."
"vaseline-advanced-repair","Vaseline Intensive Care Advanced Repair Lotion","Vaseline Intensive Care Advanced Repair Lotion is a body moisturizer from Vaseline’s Intensive Care range. The product name indicates it’s marketed to help hydrate and address dry skin concerns typical for over-the-counter lotions. Jafory lists product details and merchant options but does not sell the item. Verify the official or authorised seller page for current product information and availability before purchasing.","Vaseline Intensive Care Advanced Repair Lotion হচ্ছে ভ্যাসেলিনের Intensive Care সিরিজের একটি বডি লোশন। নাম অনুযায়ী এটি শুষ্ক ত্বকের আর্দ্রতা বাড়াতে এবং পুনরুদ্ধারের দিকে বাজারজাত করা হয়েছে, যা সাধারণভাবে ওভার-দ্য-কাউন্টার লোশনগুলোর ধরন। Jafory এখানে পণ্যের বিবরণ ও বিক্রেতা বিকল্প দেখায়, কিন্তু পণ্য বিক্রি করে় না। ক্রয় করার আগে অফিসিয়াল বা অনুমোদিত বিক্রেতার পেজ যাচাই করুন।","Vaseline Intensive Care Advanced Repair Lotion هو لوشن جسم من مجموعة Intensive Care من Vaseline. ووفقاً لاسم المنتج يُسوّق للمساعدة في ترطيب والتعامل مع جفاف البشرة بالشكل المعتاد للواقيات الخارجية. تُدرج جافوري تفاصيل المنتج وخيارات البائعين لكنها لا تبيع المنتج. تحقّق من صفحة البائع الرسمي أو المعتمد للاطّلاع على التفاصيل والتوافر الحالي قبل الشراء."
"vaseline-petroleum-jelly","Vaseline Petroleum Jelly","Vaseline Petroleum Jelly is a petrolatum-based, multipurpose balm commonly used to lock in skin moisture, soothe dry lips and help protect skin from friction. It’s a staple for everyday skincare and simple protective uses. Product details and merchant availability can vary by country — verify the official or authorised seller page before using any affiliate link.","Vaseline Petroleum Jelly একটি পেট্রোলেটাম-ভিত্তিক বহুমুখী বাম, যা ত্বকের আর্দ্রতা ধরে রাখতে, শুষ্ক ঠোঁট শান্ত করতে এবং ঘর্ষণ থেকে ত্বককে আংশিকভাবে রক্ষা করতে ব্যবহৃত হয়। দৈনন্দিন ত্বকযত্নে সাধারণত রাখা হয়। পণ্যের বিবরণ ও বিক্রেতার উপলব্ধতা দেশভেদে বদলাতে পারে — অ্যাফিলিয়েট লিঙ্ক ব্যবহার করার আগে অফিসিয়াল বা অনুমোদিত বিক্রেতার পেজ যাচাই করুন।","Vaseline Petroleum Jelly مرهم متعدد الاستخدامات قائم على البتروليوم؛ يُستخدم للحفاظ على رطوبة الجلد، لتلطيف الشفاه الجافة، والمساهمة في حماية الجلد من الاحتكاك. غالباً ما يكون جزءاً من روتين العناية اليومية بالبشرة. قد تتغير مواصفات المنتج وتوافره حسب الدولة — تحقق من الصفحة الرسمية أو البائع المعتمد قبل استخدام أي رابط تابع."
"wanam-waterproof-nylon-backpack","WANAM Waterproof Nylon Everyday Backpack","The WANAM Waterproof Nylon Everyday Backpack is a lightweight, water-resistant pack made for daily use. It has multiple internal compartments, external side pockets and a padded divider suitable for a laptop or tablet. Confirm the backpack’s dimensions and your device’s measurements to ensure a proper fit, and verify seller details before buying. Jafory lists products but does not sell them.","WANAM ওয়াটারপ্রুফ নাইলন প্রতিদিনের ব্যাগটি দৈনন্দিন ব্যবহারের জন্য হালকা ও জলরোধী একটি ব্যাকপ্যাক। এতে একাধিক ভেতরের কম্পার্টমেন্ট, বাইরে সাইড পকেট এবং ল্যাপটপ বা ট্যাবলেট রাখার জন্য প্যাডেড ডিভাইস ডিভাইডার আছে। কেনার আগে ব্যাকপ্যাকের মাপ ও আপনার ডিভাইসের উপযোগিতা যাচাই করুন এবং বিক্রেতার তথ্য নিশ্চিত করুন। Jafory পণ্য তালিকাভুক্ত করে; বিক্রি করে না।","حقيبة WANAM النايلون المقاومة للماء للاستخدام اليومي خفيفة ومصممة للاستخدام اليومي. تتضمن عدة حجيرات داخلية وجيوب جانبية خارجية وفاصل مبطّن للأجهزة مثل اللابتوب أو التابلت. قبل الشراء، تأكد من أبعاد الحقيبة وتوافق جهازك وتحقق من معلومات البائع. Jafory تعرض المنتجات ولا تبيعها."
"wavytalk-titanium-hair-straightener","Wavytalk 1.75-Inch Titanium Hair Straightener","The Wavytalk 1.75-Inch Titanium Hair Straightener uses wide titanium plates for styling longer hair. Before using, confirm the unit’s voltage compatibility with UAE power, check the power cord and heat controls, and follow the maker’s safety instructions. Jafory does not sell this item — verify technical specs and seller details on the retailer page before purchase.","Wavytalk 1.75 ইঞ্চি টাইটানিয়াম হেয়ার স্ট্রেইটনারটি দীর্ঘ চুল স্টাইলিং-এর জন্য প্রশস্ত টাইটানিয়াম প্লেট দেয়। ব্যবহার করার আগে UAE-র বিদ্যুৎ ভোল্টেজের সাথে মিল আছে কিনা পরীক্ষা করুন, পাওয়ার কর্ড ও তাপ নিয়ন্ত্রণ যাচাই করুন এবং প্রস্তুতকারকের নিরাপত্তা নির্দেশনা অনুসরণ করুন। Jafory এই পণ্য বিক্রি করে না—কেনার আগে স্পেস ও বিক্রেতার তথ্য নিশ্চিত করুন।","مكواة الشعر Wavytalk بمقاس 1.75 بوصة مزوّدة صفائح تيتانيوم عريضة مناسبة لتصفيف الشعر الطويل. قبل الاستخدام تأكد من ملاءمة جهد الجهاز لمخارج الكهرباء في الإمارات، وافحص سلك الكهرباء ومفاتيح الحرارة، واتّبع تعليمات السلامة من الشركة المصنعة. Jafory لا يبيع هذا المنتج — تحقق من المواصفات وتفاصيل البائع قبل الشراء."
"xiaomi-redmi-buds-6","Xiaomi Redmi Buds 6","Jafory guide for Xiaomi Redmi Buds 6 — Xiaomi’s true wireless in-ear earbuds, typically supplied with a compact charging case. They function as portable audio accessories for music and calls and pair with compatible devices. Product details and availability can vary by country. Jafory does not sell this item — verify the official or authorised seller page before using any affiliate destination.","Xiaomi Redmi Buds 6-এর জন্য Jafory-এর তথ্যভিত্তিক গাইড — এটি Xiaomi-এর ট্রু-ওয়্যারলেস ইন-ইয়ার ইয়ারবাড, সাধারণত একটি ছোট চার্জিং কেসের সঙ্গে প্রদান করা হয়। সঙ্গীত ও কলের জন্য বহনযোগ্য অডিও আনুষঙ্গিক হিসেবে ব্যবহৃত হয় এবং উপযুক্ত ডিভাইসের সঙ্গে পেয়ার করা যায়। দেশভেদে তথ্য ও উপলব্ধি বদলাতে পারে। Jafory এই পণ্য বিক্রি করে না — affiliate ব্যবহার করার আগে official বা authorised seller পেজ যাচাই করুন।","دليل من جافوري لمنتج Xiaomi Redmi Buds 6 — سماعات أذن داخل الأذن لاسلكية بالكامل من شاومي، عادة ما تُقدَّم مع علبة شحن مدمجة. صُممت كملحق صوتي محمول للاستماع والمكالمات وتُقرَن مع الأجهزة المتوافقة. قد تختلف التفاصيل والتوفر حسب الدولة. جافوري لا تبيع هذا المنتج — تحقق من الصفحة الرسمية أو البائع المعتمد قبل استخدام أي وجهة إحالة."
"ywleto-hanging-fruit-basket","YWLETO Hanging Fruit Basket","The YWLETO Hanging Fruit Basket is a hanging fruit-storage piece built from metal and wood components. It’s designed to keep fruit organized and free up counter space. Availability and delivery options may change; please check the retailer page before ordering. Jafory does not sell this product.","YWLETO হ্যাংিং ফ্রুট বাস্কেট হল ধাতু ও কাঠের উপাদানে নির্মিত ঝোলা ফ্রুট স্টোরেজ আইটেম। এটি ফল সাজানো এবং কাউন্টার স্পেস খালি রাখতে ব্যবহারের উপযোগী। স্টক ও ডেলিভারি তথ্য পরিবর্তিত হতে পারে; অর্ডার করার আগে বর্তমান তথ্য যাচাই করুন। Jafory এই পণ্যটি বিক্রি করে না।","سلة الفواكه المعلقة YWLETO هي قطعة لحفظ الفواكه مصنوعة من مزيج من المعدن والخشب. تهدف لتنظيم الفواكه وتوفير مساحة على الأسطح. قد يتغير التوفر وخيارات التوصيل؛ يرجى التحقق من المعلومات الحالية على صفحة البائع قبل الطلب. Jafory لا تبيع هذا المنتج."
"yyksydpt-waterproof-drawstring-backpack","YYKSYDPT Waterproof Drawstring Backpack","YYKSYDPT Waterproof Drawstring Backpack is a waterproof pull-cord bag with about 20 litres capacity and external dimensions near 36 × 17 × 47 cm. Sized for gym or sports kit, light daily items, or swimwear. Confirm the measurements against your own gear and check the seller listing for material and colour details. Jafory does not sell this item.","YYKSYDPT ওয়াটারপ্রুফ ড্রস্ট্রিং ব্যাকপ্যাকটি প্রায় 20 লিটার ধারণক্ষমতার এবং বাইরের মাপ আনুমানিক 36 × 17 × 47 সেমি। জিম বা ক্রীড়া সরঞ্জাম, হালকা দৈনন্দিন আইটেম বা সাঁতার পোশাক রাখার জন্য উপযুক্ত সাইজ। ক্রয় করার আগে আপনার কিটের সঙ্গে মাপ মিলিয়ে দেখুন এবং বিক্রেতার লিস্টিং যাচাই করুন। Jafory এই পণ্য বিক্রি করে না।","حقيبة ظهر بسلك سحب YYKSYDPT مقاومة للماء بسعة تقارب 20 لترًا وأبعاد خارجية نحو 36 × 17 × 47 سم. مناسبة لحمل أدوات الرياضة أو أغراض يومية خفيفة أو ملابس السباحة. قبل الشراء قارن الأبعاد مع معداتك وراجع إعلان البائع للحصول على تفاصيل المادة واللون. Jafory لا يبيع هذا المنتج."
"zara-fabric-shoulder-shopper","Zara Fabric Shoulder Shopper Bag","Zara Fabric Shoulder Shopper Bag is a casual fabric shopper with shoulder straps, built for everyday carrying and quick errands. Its relaxed silhouette suits casual outfits and simple storage of daily items. Jafory lists product information but does not sell it; availability differs by country — confirm the official or authorised seller page before using any affiliate link.","Zara Fabric Shoulder Shopper Bag একটি ক্যাজুয়াল ফ্যাব্রিক শোল্ডার শপিং ব্যাগ, দৈনন্দিন বহনের জন্য কাঁধে স্ট্র্যাপসহ। এটি হালকা কেনাকাটা ও রোজকার জিনিস বহনে উপযোগী এবং অনানুষ্ঠানিক লুকের সাথে মানায়। Jafory পণ্যের তথ্য দেখায় কিন্তু সেগুলো বিক্রি করে না; দেশের উপর নির্ভর করে উপলব্ধতা পরিবর্তিত হতে পারে — affiliate লিঙ্ক ব্যবহারের আগে official বা authorised seller পেজ যাচাই করুন।","حقيبة Zara Fabric Shoulder Shopper Bag هي حقيبة شوبِر يومية من القماش مزوَّدة بأحزمة للكتف، مناسبة للتسوق الخفيف وحمل الأغراض اليومية. تصميمها غير رسمي ويناسب الملابس اليومية مع سعة بسيطة للاحتياجات اليومية. تُدرج جافوري معلومات المنتج لكنها لا تبيعه؛ قد يختلف التوفر بحسب البلد — تحقق من صفحة البائع الرسمية أو المعتمد قبل استخدام رابط الإحالة."
